-- phpMyAdmin SQL Dump
-- version 4.7.9
-- https://www.phpmyadmin.net/
--
-- Host: 127.0.0.1:3306
-- Generation Time: May 26, 2020 at 03:39 AM
-- Server version: 5.7.21
-- PHP Version: 5.6.35

SET SQL_MODE = "NO_AUTO_VALUE_ON_ZERO";
SET AUTOCOMMIT = 0;
START TRANSACTION;
SET time_zone = "+00:00";


/*!40101 SET @OLD_CHARACTER_SET_CLIENT=@@CHARACTER_SET_CLIENT */;
/*!40101 SET @OLD_CHARACTER_SET_RESULTS=@@CHARACTER_SET_RESULTS */;
/*!40101 SET @OLD_COLLATION_CONNECTION=@@COLLATION_CONNECTION */;
/*!40101 SET NAMES utf8mb4 */;

--
-- Database: `my_property_dash`
--

-- --------------------------------------------------------

--
-- Table structure for table `billings`
--

DROP TABLE IF EXISTS `billings`;
CREATE TABLE IF NOT EXISTS `billings` (
  `billing_id` bigint(20) UNSIGNED NOT NULL AUTO_INCREMENT,
  `billing_tenant_id` int(10) UNSIGNED DEFAULT NULL,
  `billing_date` date NOT NULL,
  `billing_desc` varchar(191) COLLATE utf8mb4_unicode_ci NOT NULL,
  `billing_amt` double(8,2) NOT NULL,
  `created_at` timestamp NULL DEFAULT NULL,
  `updated_at` timestamp NULL DEFAULT NULL,
  `details` varchar(191) COLLATE utf8mb4_unicode_ci NOT NULL,
  `unpaid` varchar(191) COLLATE utf8mb4_unicode_ci NOT NULL,
  `billing_status` varchar(191) COLLATE utf8mb4_unicode_ci NOT NULL DEFAULT 'unpaid',
  PRIMARY KEY (`billing_id`),
  KEY `billings_billing_tenant_id_foreign` (`billing_tenant_id`)
) ENGINE=MyISAM AUTO_INCREMENT=298 DEFAULT CHARSET=utf8mb4 COLLATE=utf8mb4_unicode_ci;

--
-- Dumping data for table `billings`
--

INSERT INTO `billings` (`billing_id`, `billing_tenant_id`, `billing_date`, `billing_desc`, `billing_amt`, `created_at`, `updated_at`, `details`, `unpaid`, `billing_status`) VALUES
(213, 81, '2020-03-21', 'Security Deposit (Rent)', 13000.00, NULL, NULL, '', '', 'paid'),
(214, 81, '2020-03-21', 'Security Deposit (Utilities)', 2000.00, NULL, NULL, '', '', 'paid'),
(215, 81, '2020-03-21', 'Advance Rent', 13000.00, NULL, NULL, '', '', 'paid'),
(216, 82, '2020-03-02', 'Security Deposit (Rent)', 13000.00, NULL, NULL, '', '', 'paid'),
(217, 82, '2020-03-02', 'Security Deposit (Utilities)', 2000.00, NULL, NULL, '', '', 'paid'),
(218, 82, '2020-03-02', 'Advance Rent', 13000.00, NULL, NULL, '', '', 'paid'),
(282, 88, '2019-05-09', 'Advance Rent', 16000.00, NULL, NULL, '', '', 'paid'),
(278, 87, '2020-03-02', 'Security Deposit (Utilities)', 2000.00, NULL, NULL, '', '', 'paid'),
(279, 87, '2020-03-02', 'Advance Rent', 13000.00, NULL, NULL, '', '', 'paid'),
(280, 88, '2019-05-09', 'Security Deposit (Rent)', 16000.00, NULL, NULL, '', '', 'paid'),
(281, 88, '2019-05-09', 'Security Deposit (Utilities)', 0.00, NULL, NULL, '', '', 'paid'),
(268, 85, '2018-12-07', 'Advance Rent', 14000.00, NULL, NULL, '', '', 'paid'),
(265, 84, '2019-04-29', 'Advance Rent', 14000.00, NULL, NULL, '', '', 'paid'),
(267, 85, '2018-12-07', 'Security Deposit (Utilities)', 0.00, NULL, NULL, '', '', 'paid'),
(266, 85, '2018-12-07', 'Security Deposit (Rent)', 14000.00, NULL, NULL, '', '', 'paid'),
(260, 83, '2019-04-30', 'Security Deposit (Rent)', 13000.00, NULL, NULL, '', '', 'paid'),
(261, 83, '2019-04-30', 'Security Deposit (Utilities)', 0.00, NULL, NULL, '', '', 'paid'),
(262, 83, '2019-04-30', 'Advance Rent', 13000.00, NULL, NULL, '', '', 'paid'),
(263, 84, '2019-04-29', 'Security Deposit (Rent)', 14000.00, NULL, NULL, '', '', 'paid'),
(264, 84, '2019-04-29', 'Security Deposit (Utilities)', 0.00, NULL, NULL, '', '', 'paid'),
(277, 87, '2020-03-02', 'Security Deposit (Rent)', 13000.00, NULL, NULL, '', '', 'paid'),
(274, 86, '2019-12-07', 'Security Deposit (Rent)', 14000.00, NULL, NULL, '', '', 'paid'),
(275, 86, '2019-12-07', 'Security Deposit (Utilities)', 0.00, NULL, NULL, '', '', 'paid'),
(276, 86, '2019-12-07', 'Advance Rent', 14000.00, NULL, NULL, '', '', 'paid'),
(283, 89, '2020-02-03', 'Security Deposit (Rent)', 17000.00, NULL, NULL, '', '', 'paid'),
(284, 89, '2020-02-03', 'Security Deposit (Utilities)', 2000.00, NULL, NULL, '', '', 'paid'),
(285, 89, '2020-02-03', 'Advance Rent', 17000.00, NULL, NULL, '', '', 'paid'),
(286, 90, '2020-02-10', 'Security Deposit (Rent)', 16000.00, NULL, NULL, '', '', 'paid'),
(287, 90, '2020-02-10', 'Security Deposit (Utilities)', 2000.00, NULL, NULL, '', '', 'paid'),
(288, 90, '2020-02-10', 'Advance Rent', 16000.00, NULL, NULL, '', '', 'paid'),
(289, 91, '2019-12-04', 'Security Deposit (Rent)', 16000.00, NULL, NULL, '', '', 'paid'),
(290, 91, '2019-12-04', 'Security Deposit (Utilities)', 2000.00, NULL, NULL, '', '', 'paid'),
(291, 91, '2019-12-04', 'Advance Rent', 16000.00, NULL, NULL, '', '', 'paid'),
(292, 92, '2020-12-16', 'Security Deposit (Rent)', 18000.00, NULL, NULL, '', '', 'paid'),
(293, 92, '2020-12-16', 'Security Deposit (Utilities)', 2000.00, NULL, NULL, '', '', 'paid'),
(294, 92, '2020-12-16', 'Advance Rent', 18000.00, NULL, NULL, '', '', 'paid'),
(295, 93, '2020-06-21', 'Security Deposit (Rent)', 13000.00, NULL, NULL, '', '', 'paid'),
(296, 93, '2020-06-21', 'Security Deposit (Utilities)', 2000.00, NULL, NULL, '', '', 'paid'),
(297, 93, '2020-06-21', 'Advance Rent', 13000.00, NULL, NULL, '', '', 'paid');

-- --------------------------------------------------------

--
-- Table structure for table `failed_jobs`
--

DROP TABLE IF EXISTS `failed_jobs`;
CREATE TABLE IF NOT EXISTS `failed_jobs` (
  `id` bigint(20) UNSIGNED NOT NULL AUTO_INCREMENT,
  `connection` text COLLATE utf8mb4_unicode_ci NOT NULL,
  `queue` text COLLATE utf8mb4_unicode_ci NOT NULL,
  `payload` longtext COLLATE utf8mb4_unicode_ci NOT NULL,
  `exception` longtext COLLATE utf8mb4_unicode_ci NOT NULL,
  `failed_at` timestamp NOT NULL DEFAULT CURRENT_TIMESTAMP,
  PRIMARY KEY (`id`)
) ENGINE=MyISAM DEFAULT CHARSET=utf8mb4 COLLATE=utf8mb4_unicode_ci;

-- --------------------------------------------------------

--
-- Table structure for table `migrations`
--

DROP TABLE IF EXISTS `migrations`;
CREATE TABLE IF NOT EXISTS `migrations` (
  `id` int(10) UNSIGNED NOT NULL AUTO_INCREMENT,
  `migration` varchar(191) COLLATE utf8mb4_unicode_ci NOT NULL,
  `batch` int(11) NOT NULL,
  PRIMARY KEY (`id`)
) ENGINE=MyISAM AUTO_INCREMENT=39 DEFAULT CHARSET=utf8mb4 COLLATE=utf8mb4_unicode_ci;

--
-- Dumping data for table `migrations`
--

INSERT INTO `migrations` (`id`, `migration`, `batch`) VALUES
(1, '2014_10_12_000000_create_users_table', 1),
(2, '2014_10_12_100000_create_password_resets_table', 1),
(3, '2019_08_19_000000_create_failed_jobs_table', 1),
(5, '2020_03_26_061523_create_units_table', 2),
(6, '2020_03_26_062910_create_unit_owners_table', 3),
(7, '2020_03_27_035315_add_type_of_unit_to_units', 4),
(8, '2020_03_30_071620_add_discount_to_unit_owners_table', 5),
(14, '2020_03_31_025754_create_tenants_table', 6),
(19, '2020_04_02_065507_create_tenants_table', 7),
(20, '2020_04_17_061136_add_status_in_users_table', 8),
(21, '2020_04_21_022928_add_property_to_units_table', 9),
(22, '2020_04_21_073418_add_building_to_units_table', 10),
(23, '2020_04_22_025059_create_tenants_table', 11),
(24, '2020_04_22_042313_create_tenants_table', 12),
(25, '2020_04_22_082329_create_unit_owners_table', 13),
(26, '2020_04_22_083221_create_unit_owners_table', 14),
(27, '2020_04_24_012132_add_account_name_to_unit_owners_table', 15),
(28, '2020_04_27_093931_create_billings_table', 16),
(29, '2020_04_28_074355_create_payments_table', 17),
(30, '2020_05_03_065226_create_payments_table', 18),
(31, '2020_05_03_070223_create_payments_table', 19),
(33, '2020_05_11_023256_add_actual_moveout_date_to_tenants_table', 20),
(34, '2020_05_13_110956_add_extension_in_tenants_table', 20),
(35, '2020_05_15_065923_add_details_to_billings_table', 21),
(36, '2020_05_18_033541_add_notes_to_tenants_table', 22),
(38, '2020_05_19_015749_add_billing_status_billings', 23);

-- --------------------------------------------------------

--
-- Table structure for table `password_resets`
--

DROP TABLE IF EXISTS `password_resets`;
CREATE TABLE IF NOT EXISTS `password_resets` (
  `email` varchar(191) COLLATE utf8mb4_unicode_ci NOT NULL,
  `token` varchar(191) COLLATE utf8mb4_unicode_ci NOT NULL,
  `created_at` timestamp NULL DEFAULT NULL,
  KEY `password_resets_email_index` (`email`)
) ENGINE=MyISAM DEFAULT CHARSET=utf8mb4 COLLATE=utf8mb4_unicode_ci;

-- --------------------------------------------------------

--
-- Table structure for table `payments`
--

DROP TABLE IF EXISTS `payments`;
CREATE TABLE IF NOT EXISTS `payments` (
  `payment_id` bigint(20) UNSIGNED NOT NULL AUTO_INCREMENT,
  `payment_tenant_id` int(10) UNSIGNED DEFAULT NULL,
  `payment_created` date NOT NULL,
  `amt_paid` double(8,2) NOT NULL,
  `form_of_payment` varchar(191) COLLATE utf8mb4_unicode_ci DEFAULT NULL,
  `or_number` varchar(191) COLLATE utf8mb4_unicode_ci DEFAULT NULL,
  `ar_number` varchar(191) COLLATE utf8mb4_unicode_ci DEFAULT NULL,
  `bank_name` varchar(191) COLLATE utf8mb4_unicode_ci DEFAULT NULL,
  `check_no` varchar(191) COLLATE utf8mb4_unicode_ci DEFAULT NULL,
  `date_deposited` varchar(191) COLLATE utf8mb4_unicode_ci DEFAULT NULL,
  `payment_note` varchar(191) COLLATE utf8mb4_unicode_ci DEFAULT NULL,
  `created_at` timestamp NULL DEFAULT NULL,
  `updated_at` timestamp NULL DEFAULT NULL,
  PRIMARY KEY (`payment_id`),
  KEY `payments_payment_tenant_id_foreign` (`payment_tenant_id`)
) ENGINE=MyISAM AUTO_INCREMENT=68 DEFAULT CHARSET=utf8mb4 COLLATE=utf8mb4_unicode_ci;

--
-- Dumping data for table `payments`
--

INSERT INTO `payments` (`payment_id`, `payment_tenant_id`, `payment_created`, `amt_paid`, `form_of_payment`, `or_number`, `ar_number`, `bank_name`, `check_no`, `date_deposited`, `payment_note`, `created_at`, `updated_at`) VALUES
(60, 86, '2018-12-07', 28000.00, 'cash', NULL, NULL, NULL, NULL, NULL, 'movein charges', NULL, NULL),
(64, 90, '2020-02-10', 34000.00, 'cash', NULL, NULL, NULL, NULL, NULL, 'movein charges', NULL, NULL),
(58, 85, '2018-07-01', 28000.00, 'cash', NULL, NULL, NULL, NULL, NULL, 'movein charges', NULL, NULL),
(42, 81, '2020-03-21', 28000.00, 'cash', NULL, NULL, NULL, NULL, NULL, 'movein charges', NULL, NULL),
(63, 89, '2020-02-03', 36000.00, 'cash', NULL, NULL, NULL, NULL, NULL, 'movein charges', NULL, NULL),
(62, 88, '2019-05-09', 32000.00, 'cash', NULL, NULL, NULL, NULL, NULL, 'movein charges', NULL, NULL),
(56, 83, '2019-04-30', 26000.00, 'cash', NULL, NULL, NULL, NULL, NULL, 'movein charges', NULL, NULL),
(57, 84, '2019-04-29', 28000.00, 'cash', NULL, NULL, NULL, NULL, NULL, 'movein charges', NULL, NULL),
(61, 87, '2020-03-02', 28000.00, 'cash', NULL, NULL, NULL, NULL, NULL, 'movein charges', NULL, NULL),
(65, 91, '2019-12-04', 34000.00, 'cash', NULL, NULL, NULL, NULL, NULL, 'movein charges', NULL, NULL),
(66, 92, '2020-12-16', 38000.00, 'cash', NULL, NULL, NULL, NULL, NULL, 'movein charges', NULL, NULL),
(67, 93, '2020-05-21', 28000.00, 'cheque', NULL, NULL, NULL, NULL, NULL, 'movein charges', NULL, NULL);

-- --------------------------------------------------------

--
-- Table structure for table `tenants`
--

DROP TABLE IF EXISTS `tenants`;
CREATE TABLE IF NOT EXISTS `tenants` (
  `tenant_id` bigint(20) UNSIGNED NOT NULL AUTO_INCREMENT,
  `unit_tenant_id` int(10) UNSIGNED DEFAULT NULL,
  `tenant_unique_id` varchar(191) COLLATE utf8mb4_unicode_ci NOT NULL,
  `first_name` varchar(191) COLLATE utf8mb4_unicode_ci NOT NULL,
  `middle_name` varchar(191) COLLATE utf8mb4_unicode_ci DEFAULT NULL,
  `last_name` varchar(191) COLLATE utf8mb4_unicode_ci NOT NULL,
  `birthdate` date DEFAULT NULL,
  `civil_status` varchar(191) COLLATE utf8mb4_unicode_ci DEFAULT NULL,
  `id_number` varchar(191) COLLATE utf8mb4_unicode_ci DEFAULT NULL,
  `zip_code` varchar(191) COLLATE utf8mb4_unicode_ci DEFAULT NULL,
  `country` varchar(191) COLLATE utf8mb4_unicode_ci DEFAULT NULL,
  `province` varchar(191) COLLATE utf8mb4_unicode_ci DEFAULT NULL,
  `city` varchar(191) COLLATE utf8mb4_unicode_ci DEFAULT NULL,
  `barangay` varchar(191) COLLATE utf8mb4_unicode_ci DEFAULT NULL,
  `contact_no` varchar(191) COLLATE utf8mb4_unicode_ci NOT NULL,
  `email_address` varchar(191) COLLATE utf8mb4_unicode_ci DEFAULT NULL,
  `tenant_monthly_rent` double(10,2) NOT NULL,
  `gender` varchar(191) COLLATE utf8mb4_unicode_ci DEFAULT NULL,
  `tenant_status` varchar(191) COLLATE utf8mb4_unicode_ci NOT NULL,
  `movein_date` date DEFAULT NULL,
  `moveout_date` date DEFAULT NULL,
  `type_of_tenant` varchar(191) COLLATE utf8mb4_unicode_ci NOT NULL,
  `guardian` varchar(191) COLLATE utf8mb4_unicode_ci DEFAULT NULL,
  `guardian_relationship` varchar(191) COLLATE utf8mb4_unicode_ci DEFAULT NULL,
  `guardian_contact_no` varchar(191) COLLATE utf8mb4_unicode_ci DEFAULT NULL,
  `high_school` varchar(191) COLLATE utf8mb4_unicode_ci DEFAULT NULL,
  `high_school_address` varchar(191) COLLATE utf8mb4_unicode_ci DEFAULT NULL,
  `college_school` varchar(191) COLLATE utf8mb4_unicode_ci DEFAULT NULL,
  `college_school_address` varchar(191) COLLATE utf8mb4_unicode_ci DEFAULT NULL,
  `course` varchar(191) COLLATE utf8mb4_unicode_ci DEFAULT NULL,
  `year_level` varchar(191) COLLATE utf8mb4_unicode_ci DEFAULT NULL,
  `employer` varchar(191) COLLATE utf8mb4_unicode_ci DEFAULT NULL,
  `employer_address` varchar(191) COLLATE utf8mb4_unicode_ci DEFAULT NULL,
  `job` varchar(191) COLLATE utf8mb4_unicode_ci DEFAULT NULL,
  `years_of_employment` varchar(191) COLLATE utf8mb4_unicode_ci DEFAULT NULL,
  `employer_contact_no` varchar(191) COLLATE utf8mb4_unicode_ci DEFAULT NULL,
  `created_at` timestamp NULL DEFAULT NULL,
  `updated_at` timestamp NULL DEFAULT NULL,
  `actual_move_out_date` date DEFAULT NULL,
  `reason_for_moving_out` varchar(191) COLLATE utf8mb4_unicode_ci DEFAULT NULL,
  `has_extended` varchar(191) COLLATE utf8mb4_unicode_ci DEFAULT NULL,
  `tenants_note` varchar(191) COLLATE utf8mb4_unicode_ci DEFAULT NULL,
  PRIMARY KEY (`tenant_id`),
  KEY `tenants_unit_tenant_id_foreign` (`unit_tenant_id`)
) ENGINE=MyISAM AUTO_INCREMENT=94 DEFAULT CHARSET=utf8mb4 COLLATE=utf8mb4_unicode_ci;

--
-- Dumping data for table `tenants`
--

INSERT INTO `tenants` (`tenant_id`, `unit_tenant_id`, `tenant_unique_id`, `first_name`, `middle_name`, `last_name`, `birthdate`, `civil_status`, `id_number`, `zip_code`, `country`, `province`, `city`, `barangay`, `contact_no`, `email_address`, `tenant_monthly_rent`, `gender`, `tenant_status`, `movein_date`, `moveout_date`, `type_of_tenant`, `guardian`, `guardian_relationship`, `guardian_contact_no`, `high_school`, `high_school_address`, `college_school`, `college_school_address`, `course`, `year_level`, `employer`, `employer_address`, `job`, `years_of_employment`, `employer_contact_no`, `created_at`, `updated_at`, `actual_move_out_date`, `reason_for_moving_out`, `has_extended`, `tenants_note`) VALUES
(93, 358, '', 'Evelyn', NULL, 'De Guzman', NULL, 'single', NULL, NULL, 'Philippines', 'Pangasinan', NULL, NULL, '09452470344', NULL, 13000.00, 'female', 'active', '2020-05-21', '2021-05-21', 'student', NULL, NULL, NULL, NULL, NULL, NULL, NULL, NULL, NULL, NULL, NULL, NULL, NULL, NULL, NULL, NULL, NULL, NULL, NULL, NULL),
(91, 349, '', 'Qusai Abdullah Salem', NULL, 'Al-Sad', NULL, 'single', NULL, NULL, 'Yemen', NULL, NULL, NULL, '9271252439', 'qusay_2011@hotmail.com', 16000.00, 'male', 'active', '2019-12-04', '2020-06-04', 'student', 'Zyade', 'Friend', '9777306613', NULL, NULL, NULL, NULL, NULL, NULL, NULL, NULL, NULL, NULL, NULL, NULL, NULL, NULL, NULL, NULL, NULL),
(90, 355, '', 'Terrence', NULL, 'Acop', '1998-03-29', 'single', NULL, '2600', 'Philippines', 'Benguet', 'Baguio City', '#519 Badihoy Pinsao Proper', '0995-185-0198', 'medivhellizabeth@gmail.com', 16000.00, 'male', 'active', '2020-02-10', '2020-08-10', 'student', 'Eigin Agpad', 'Friend', '9281957761', NULL, NULL, NULL, NULL, NULL, NULL, NULL, NULL, 'Manager', NULL, NULL, NULL, NULL, NULL, NULL, NULL, NULL),
(89, 356, '', 'Marlon', NULL, 'Beligan', NULL, 'single', NULL, '2600', 'Philippines', 'Benguet', 'Baguio City', '#scphSandico salud Mitra', '90664022779', 'lonalaps21@gmail.com', 17000.00, 'male', 'active', '2020-02-03', '2021-02-03', 'student', NULL, 'Father', '09106415446/09057523051', NULL, NULL, NULL, NULL, NULL, NULL, NULL, NULL, NULL, NULL, NULL, NULL, NULL, NULL, NULL, NULL, NULL),
(88, 353, '', 'Angeline', 'P', 'Pinera', '1987-01-28', 'married', NULL, NULL, 'Philippines', NULL, 'Makati City', '171-P 22nd Ave. East Rembo', '0928-879-9043', 'cloudygel1990@gmail.com', 16000.00, 'male', 'active', '2020-05-09', '2020-10-09', 'student', 'Soo Chul Chun', 'Spouse', '0906-319-6498', NULL, NULL, NULL, NULL, NULL, NULL, NULL, NULL, NULL, NULL, NULL, NULL, NULL, NULL, NULL, 'renewed', NULL),
(86, 342, '', 'Mark', NULL, 'Lascano', NULL, 'single', NULL, NULL, NULL, NULL, NULL, NULL, '9176570585', 'lascanomark@gmail.com', 14000.00, 'male', 'active', '2019-12-07', '2020-02-07', 'student', NULL, NULL, NULL, NULL, NULL, NULL, NULL, NULL, NULL, NULL, NULL, NULL, NULL, '9176570585', NULL, NULL, NULL, NULL, NULL, 'will go back after ECQ'),
(87, 359, '', 'Patricia Nicole', NULL, 'Nava', '1996-11-29', 'single', NULL, '2600', 'Philippines', 'Benguet', 'Baguio City', 'Unit Royal TownhouseAmistad', '9664400811', 'pnacnava@gmail.com', 13000.00, 'female', 'active', '2020-03-02', '2020-09-02', 'student', 'Ma Teresa Nava', 'Mother', '9275041238', NULL, NULL, NULL, NULL, NULL, NULL, NULL, NULL, NULL, NULL, '9664400811', NULL, NULL, NULL, NULL, NULL, NULL),
(84, 343, '', 'Ivy Lita', NULL, 'Baguitan', '1987-06-21', 'single', NULL, '2600', 'Philippines', 'Benguet', 'Baguio City', '002 San Luis Village,Km2 Asin Rd', '9084115371', 'baguitan.ivy.lita@gmail.com', 14000.00, 'female', 'active', '2020-06-29', '2021-01-29', 'student', 'Lolita Baguitan', 'Mother', '9364509750', NULL, NULL, NULL, NULL, NULL, NULL, 'TUTURRABC/ITUTORGROUP', NULL, 'Independent Contractor', NULL, '9084115371', NULL, NULL, NULL, NULL, 'renewed', NULL),
(81, 340, '', 'Krisha Mae Ramos', 'Ramos', 'Ramos', '1998-09-08', 'single', NULL, NULL, 'Philippines', 'Tarlac', NULL, NULL, '09156321506', 'ramoskrishaaa@icloud.com', 13000.00, 'female', 'active', '2020-03-21', '2020-09-21', 'student', NULL, NULL, NULL, NULL, NULL, NULL, 'Baguio City', 'BMLS', 'graduate student', NULL, NULL, NULL, NULL, '09156321506', NULL, NULL, NULL, NULL, NULL, NULL),
(82, 357, '', 'Maria Zenaida', NULL, 'Co', '1978-07-11', 'single', NULL, '2600', 'Philippines', 'Benguet', 'Baguio City', '#91 Purok 4 ,Private Road magsaysay Ave', '0917-163-5566', 'ma.johanna_co@yahoo.com', 13000.00, 'male', 'active', '2020-03-02', '2020-09-02', 'student', 'yu wah ,co', 'husband', '9954200023', NULL, NULL, NULL, NULL, NULL, NULL, NULL, NULL, NULL, NULL, '0917-163-5566', NULL, NULL, NULL, NULL, NULL, NULL),
(83, 360, '', 'Nathaniel', 'B', 'Ramos', '1992-09-26', 'single', NULL, '2600', 'Philipines', 'Benguet', 'Baguio City', '45 San Luis Village', '0945-326-4384', 'nathanielbramos@gmail.com', 13000.00, 'male', 'active', '2020-04-30', '2020-06-30', 'student', 'Lady Janet Ramos', 'Mother', '09778249827', NULL, NULL, NULL, NULL, NULL, NULL, 'PLATO WRAPS / INFINITEA', NULL, 'Businessman', NULL, '0945-326-4384', NULL, NULL, NULL, NULL, 'renewed', NULL),
(92, 354, '', 'Maicy Gail', NULL, 'Caberto', '2001-02-15', 'single', 'school id/19-2051-524', '2430', 'Philippines', 'Pangasinan', 'Manaoag', '# 11 Nalsian', '09562973278', 'maicygalecaberto@gmail.com', 18000.00, 'female', 'active', '2019-12-16', '2020-06-16', 'student', 'Atasha Layne Caberto', 'Sibling', '09070104691/09770519132', 'Colegio De Dagupan', 'Pangasinan', NULL, 'Baguio City', 'Political Science', 'first year', NULL, NULL, NULL, NULL, NULL, NULL, NULL, NULL, NULL, NULL, NULL),
(85, 341, '', 'Mark', NULL, 'Lascano', '1990-03-24', 'single', NULL, NULL, NULL, 'Pampanga', NULL, 'Carmencita florida Blanca', '9176570585', 'lascanomark@gmail.com', 14000.00, 'male', 'active', '2018-12-07', '2020-02-07', 'student', NULL, NULL, NULL, NULL, NULL, NULL, NULL, NULL, NULL, 'Aristrateg Marketing Inc', NULL, 'manager', NULL, '9176570585', NULL, NULL, NULL, NULL, NULL, NULL);

-- --------------------------------------------------------

--
-- Table structure for table `units`
--

DROP TABLE IF EXISTS `units`;
CREATE TABLE IF NOT EXISTS `units` (
  `unit_id` bigint(20) UNSIGNED NOT NULL AUTO_INCREMENT,
  `unit_no` varchar(10) COLLATE utf8mb4_unicode_ci NOT NULL,
  `unit_unit_owner_id` int(10) UNSIGNED DEFAULT NULL,
  `floor_no` varchar(25) COLLATE utf8mb4_unicode_ci NOT NULL,
  `beds` varchar(8) COLLATE utf8mb4_unicode_ci NOT NULL,
  `monthly_rent` double(8,2) NOT NULL,
  `egr` double(8,2) DEFAULT NULL,
  `status` varchar(191) COLLATE utf8mb4_unicode_ci NOT NULL DEFAULT 'V',
  `created_at` timestamp NULL DEFAULT NULL,
  `updated_at` timestamp NULL DEFAULT NULL,
  `type_of_units` varchar(191) COLLATE utf8mb4_unicode_ci NOT NULL,
  `unit_property` varchar(191) COLLATE utf8mb4_unicode_ci NOT NULL,
  `building` varchar(191) COLLATE utf8mb4_unicode_ci DEFAULT NULL,
  PRIMARY KEY (`unit_id`),
  KEY `units_unit_unit_owner_id_foreign` (`unit_unit_owner_id`)
) ENGINE=MyISAM AUTO_INCREMENT=683 DEFAULT CHARSET=utf8mb4 COLLATE=utf8mb4_unicode_ci;

--
-- Dumping data for table `units`
--

INSERT INTO `units` (`unit_id`, `unit_no`, `unit_unit_owner_id`, `floor_no`, `beds`, `monthly_rent`, `egr`, `status`, `created_at`, `updated_at`, `type_of_units`, `unit_property`, `building`) VALUES
(94, '2F-016', NULL, '2', '2', 14000.00, 0.00, 'vacant', NULL, NULL, 'residential', 'Bayani Hall', NULL),
(93, '2F-015', NULL, '2', '2', 14000.00, 0.00, 'vacant', NULL, NULL, 'residential', 'Bayani Hall', NULL),
(92, '2F-014', NULL, '2', '2', 14000.00, 0.00, 'vacant', NULL, NULL, 'residential', 'Bayani Hall', NULL),
(91, '2F-013', NULL, '2', '2', 14000.00, 0.00, 'vacant', NULL, NULL, 'residential', 'Bayani Hall', NULL),
(90, '2F-012', NULL, '2', '2', 14000.00, 0.00, 'vacant', NULL, NULL, 'residential', 'Bayani Hall', NULL),
(89, '2F-011', NULL, '2', '2', 14000.00, 0.00, 'vacant', NULL, NULL, 'residential', 'Bayani Hall', NULL),
(88, '2F-010', NULL, '2', '2', 14000.00, 0.00, 'vacant', NULL, NULL, 'residential', 'Bayani Hall', NULL),
(87, '2F-09', NULL, '2', '2', 14000.00, 0.00, 'vacant', NULL, NULL, 'residential', 'Bayani Hall', NULL),
(86, '2F-08', NULL, '2', '2', 14000.00, 0.00, 'vacant', NULL, NULL, 'residential', 'Bayani Hall', NULL),
(85, '2F-07', NULL, '2', '2', 14000.00, 0.00, 'vacant', NULL, NULL, 'residential', 'Bayani Hall', NULL),
(84, '2F-06', NULL, '2', '2', 14000.00, 0.00, 'vacant', NULL, NULL, 'residential', 'Bayani Hall', NULL),
(83, '2F-05', NULL, '2', '2', 14000.00, 0.00, 'vacant', NULL, NULL, 'residential', 'Bayani Hall', NULL),
(82, '2F-04', NULL, '2', '2', 14000.00, 0.00, 'vacant', NULL, NULL, 'residential', 'Bayani Hall', NULL),
(81, '2F-03', NULL, '2', '2', 14000.00, 0.00, 'vacant', NULL, NULL, 'residential', 'Bayani Hall', NULL),
(80, '2F-02', NULL, '2', '2', 14000.00, 0.00, 'vacant', NULL, NULL, 'residential', 'Bayani Hall', NULL),
(79, '2F-01', NULL, '2', '2', 14000.00, 0.00, 'vacant', NULL, NULL, 'residential', 'Bayani Hall', NULL),
(78, 'GF-0010', NULL, '1', '2', 14000.00, 0.00, 'vacant', NULL, NULL, 'residential', 'Bayani Hall', NULL),
(77, 'GF-009', NULL, '1', '2', 14000.00, 0.00, 'vacant', NULL, NULL, 'residential', 'Bayani Hall', NULL),
(76, 'GF-008', NULL, '1', '2', 14000.00, 0.00, 'vacant', NULL, NULL, 'residential', 'Bayani Hall', NULL),
(75, 'GF-007', NULL, '1', '2', 14000.00, 0.00, 'vacant', NULL, NULL, 'residential', 'Bayani Hall', NULL),
(74, 'GF-006', NULL, '1', '2', 14000.00, 0.00, 'vacant', NULL, NULL, 'residential', 'Bayani Hall', NULL),
(73, 'GF-005', NULL, '1', '2', 14000.00, 0.00, 'vacant', NULL, NULL, 'residential', 'Bayani Hall', NULL),
(72, 'GF-004', NULL, '1', '2', 14000.00, 0.00, 'vacant', NULL, NULL, 'residential', 'Bayani Hall', NULL),
(71, 'GF-003', 43, '1', '1', 14000.00, 0.00, 'vacant', NULL, NULL, 'residential', 'Bayani Hall', NULL),
(70, 'GF-002', 42, '1', '2', 14000.00, 0.00, 'vacant', NULL, NULL, 'residential', 'Bayani Hall', NULL),
(69, 'GF-001', 39, '1', '2', 14000.00, 0.00, 'vacant', NULL, NULL, 'residential', 'Bayani Hall', NULL),
(95, '3F-01', NULL, '3', '2', 14000.00, 0.00, 'vacant', NULL, NULL, 'residential', 'Bayani Hall', NULL),
(96, '3F-02', NULL, '3', '2', 14000.00, 0.00, 'vacant', NULL, NULL, 'residential', 'Bayani Hall', NULL),
(97, '3F-03', NULL, '3', '2', 14000.00, 0.00, 'vacant', NULL, NULL, 'residential', 'Bayani Hall', NULL),
(98, '3F-04', NULL, '3', '2', 14000.00, 0.00, 'vacant', NULL, NULL, 'residential', 'Bayani Hall', NULL),
(99, '3F-05', NULL, '3', '2', 14000.00, 0.00, 'vacant', NULL, NULL, 'residential', 'Bayani Hall', NULL),
(100, '3F-06', NULL, '3', '2', 14000.00, 0.00, 'vacant', NULL, NULL, 'residential', 'Bayani Hall', NULL),
(101, '3F-07', NULL, '3', '2', 14000.00, 0.00, 'vacant', NULL, NULL, 'residential', 'Bayani Hall', NULL),
(102, '3F-08', NULL, '3', '2', 14000.00, 0.00, 'vacant', NULL, NULL, 'residential', 'Bayani Hall', NULL),
(103, '3F-09', NULL, '3', '2', 14000.00, 0.00, 'vacant', NULL, NULL, 'residential', 'Bayani Hall', NULL),
(104, '3F-010', NULL, '3', '2', 14000.00, 0.00, 'vacant', NULL, NULL, 'residential', 'Bayani Hall', NULL),
(105, '3F-011', NULL, '3', '2', 14000.00, 0.00, 'vacant', NULL, NULL, 'residential', 'Bayani Hall', NULL),
(106, '3F-012', NULL, '3', '2', 14000.00, 0.00, 'vacant', NULL, NULL, 'residential', 'Bayani Hall', NULL),
(107, '3F-013', NULL, '3', '2', 14000.00, 0.00, 'vacant', NULL, NULL, 'residential', 'Bayani Hall', NULL),
(108, '3F-014', NULL, '3', '2', 14000.00, 0.00, 'vacant', NULL, NULL, 'residential', 'Bayani Hall', NULL),
(109, '3F-015', NULL, '3', '2', 14000.00, 0.00, 'vacant', NULL, NULL, 'residential', 'Bayani Hall', NULL),
(110, '3F-016', NULL, '3', '2', 14000.00, 0.00, 'vacant', NULL, NULL, 'residential', 'Bayani Hall', NULL),
(111, '3F-017', NULL, '3', '2', 14000.00, 0.00, 'vacant', NULL, NULL, 'residential', 'Bayani Hall', NULL),
(112, '3F-018', NULL, '3', '2', 14000.00, 0.00, 'vacant', NULL, NULL, 'residential', 'Bayani Hall', NULL),
(113, '3F-019', NULL, '3', '2', 14000.00, 0.00, 'vacant', NULL, NULL, 'residential', 'Bayani Hall', NULL),
(114, '3F-020', NULL, '3', '2', 14000.00, 0.00, 'vacant', NULL, NULL, 'residential', 'Bayani Hall', NULL),
(115, '3F-021', NULL, '3', '2', 14000.00, 0.00, 'vacant', NULL, NULL, 'residential', 'Bayani Hall', NULL),
(116, '3F-022', NULL, '3', '2', 14000.00, 0.00, 'vacant', NULL, NULL, 'residential', 'Bayani Hall', NULL),
(117, '3F-023', NULL, '3', '2', 14000.00, 0.00, 'vacant', NULL, NULL, 'residential', 'Bayani Hall', NULL),
(118, '3F-024', NULL, '3', '2', 14000.00, 0.00, 'vacant', NULL, NULL, 'residential', 'Bayani Hall', NULL),
(119, '3F-025', NULL, '3', '2', 14000.00, 0.00, 'vacant', NULL, NULL, 'residential', 'Bayani Hall', NULL),
(120, '3F-026', NULL, '3', '2', 14000.00, 0.00, 'vacant', NULL, NULL, 'residential', 'Bayani Hall', NULL),
(121, '3F-027', NULL, '3', '2', 14000.00, 0.00, 'vacant', NULL, NULL, 'residential', 'Bayani Hall', NULL),
(122, '3F-028', NULL, '3', '2', 14000.00, 0.00, 'vacant', NULL, NULL, 'residential', 'Bayani Hall', NULL),
(123, '3F-029', NULL, '3', '2', 14000.00, 0.00, 'vacant', NULL, NULL, 'residential', 'Bayani Hall', NULL),
(124, '3F-030', NULL, '3', '2', 14000.00, 0.00, 'vacant', NULL, NULL, 'residential', 'Bayani Hall', NULL),
(125, '3F-031', NULL, '3', '2', 14000.00, 0.00, 'vacant', NULL, NULL, 'residential', 'Bayani Hall', NULL),
(126, '3F-032', NULL, '3', '2', 14000.00, 0.00, 'vacant', NULL, NULL, 'residential', 'Bayani Hall', NULL),
(127, '3F-033', NULL, '3', '2', 14000.00, 0.00, 'vacant', NULL, NULL, 'residential', 'Bayani Hall', NULL),
(128, '3F-034', NULL, '3', '2', 14000.00, 0.00, 'vacant', NULL, NULL, 'residential', 'Bayani Hall', NULL),
(129, '3F-035', NULL, '3', '2', 14000.00, 0.00, 'vacant', NULL, NULL, 'residential', 'Bayani Hall', NULL),
(130, '3F-036', NULL, '3', '2', 14000.00, 0.00, 'vacant', NULL, NULL, 'residential', 'Bayani Hall', NULL),
(131, '4F-01', NULL, '4', '2', 14000.00, 0.00, 'vacant', NULL, NULL, 'residential', 'Bayani Hall', NULL),
(132, '4F-02', NULL, '4', '2', 14000.00, 0.00, 'vacant', NULL, NULL, 'residential', 'Bayani Hall', NULL),
(133, '4F-03', NULL, '4', '2', 14000.00, 0.00, 'vacant', NULL, NULL, 'residential', 'Bayani Hall', NULL),
(134, '4F-04', NULL, '4', '2', 14000.00, 0.00, 'vacant', NULL, NULL, 'residential', 'Bayani Hall', NULL),
(135, '4F-05', NULL, '4', '2', 14000.00, 0.00, 'vacant', NULL, NULL, 'residential', 'Bayani Hall', NULL),
(136, '4F-06', NULL, '4', '2', 14000.00, 0.00, 'vacant', NULL, NULL, 'residential', 'Bayani Hall', NULL),
(137, '4F-07', NULL, '4', '2', 14000.00, 0.00, 'vacant', NULL, NULL, 'residential', 'Bayani Hall', NULL),
(138, '4F-08', NULL, '4', '2', 14000.00, 0.00, 'vacant', NULL, NULL, 'residential', 'Bayani Hall', NULL),
(139, '4F-09', NULL, '4', '2', 14000.00, 0.00, 'vacant', NULL, NULL, 'residential', 'Bayani Hall', NULL),
(140, '4F-010', NULL, '4', '2', 14000.00, 0.00, 'vacant', NULL, NULL, 'residential', 'Bayani Hall', NULL),
(141, '4F-011', NULL, '4', '2', 14000.00, 0.00, 'vacant', NULL, NULL, 'residential', 'Bayani Hall', NULL),
(142, '4F-012', NULL, '4', '2', 14000.00, 0.00, 'vacant', NULL, NULL, 'residential', 'Bayani Hall', NULL),
(143, '4F-013', NULL, '4', '2', 14000.00, 0.00, 'vacant', NULL, NULL, 'residential', 'Bayani Hall', NULL),
(144, '4F-014', NULL, '4', '2', 14000.00, 0.00, 'vacant', NULL, NULL, 'residential', 'Bayani Hall', NULL),
(145, '4F-015', NULL, '4', '2', 14000.00, 0.00, 'vacant', NULL, NULL, 'residential', 'Bayani Hall', NULL),
(146, '4F-016', NULL, '4', '2', 14000.00, 0.00, 'vacant', NULL, NULL, 'residential', 'Bayani Hall', NULL),
(147, '4F-017', NULL, '4', '2', 14000.00, 0.00, 'vacant', NULL, NULL, 'residential', 'Bayani Hall', NULL),
(148, '4F-018', NULL, '4', '2', 14000.00, 0.00, 'vacant', NULL, NULL, 'residential', 'Bayani Hall', NULL),
(149, '4F-019', NULL, '4', '2', 14000.00, 0.00, 'vacant', NULL, NULL, 'residential', 'Bayani Hall', NULL),
(150, '4F-020', NULL, '4', '2', 14000.00, 0.00, 'vacant', NULL, NULL, 'residential', 'Bayani Hall', NULL),
(151, '4F-021', NULL, '4', '2', 14000.00, 0.00, 'vacant', NULL, NULL, 'residential', 'Bayani Hall', NULL),
(152, '4F-022', NULL, '4', '2', 14000.00, 0.00, 'vacant', NULL, NULL, 'residential', 'Bayani Hall', NULL),
(153, '4F-023', NULL, '4', '2', 14000.00, 0.00, 'vacant', NULL, NULL, 'residential', 'Bayani Hall', NULL),
(154, '4F-024', NULL, '4', '2', 14000.00, 0.00, 'vacant', NULL, NULL, 'residential', 'Bayani Hall', NULL),
(155, '4F-025', NULL, '4', '2', 14000.00, 0.00, 'vacant', NULL, NULL, 'residential', 'Bayani Hall', NULL),
(156, '4F-026', NULL, '4', '2', 14000.00, 0.00, 'vacant', NULL, NULL, 'residential', 'Bayani Hall', NULL),
(157, '4F-027', NULL, '4', '2', 14000.00, 0.00, 'vacant', NULL, NULL, 'residential', 'Bayani Hall', NULL),
(158, '4F-028', NULL, '4', '2', 14000.00, 0.00, 'vacant', NULL, NULL, 'residential', 'Bayani Hall', NULL),
(159, '4F-029', NULL, '4', '2', 14000.00, 0.00, 'vacant', NULL, NULL, 'residential', 'Bayani Hall', NULL),
(160, '4F-030', NULL, '4', '2', 14000.00, 0.00, 'vacant', NULL, NULL, 'residential', 'Bayani Hall', NULL),
(161, '4F-031', NULL, '4', '2', 14000.00, 0.00, 'vacant', NULL, NULL, 'residential', 'Bayani Hall', NULL),
(162, '4F-032', NULL, '4', '2', 14000.00, 0.00, 'vacant', NULL, NULL, 'residential', 'Bayani Hall', NULL),
(163, '4F-033', NULL, '4', '2', 14000.00, 0.00, 'vacant', NULL, NULL, 'residential', 'Bayani Hall', NULL),
(164, '4F-034', NULL, '4', '2', 14000.00, 0.00, 'vacant', NULL, NULL, 'residential', 'Bayani Hall', NULL),
(165, '4F-035', NULL, '4', '2', 14000.00, 0.00, 'vacant', NULL, NULL, 'residential', 'Bayani Hall', NULL),
(166, '4F-036', NULL, '4', '2', 14000.00, 0.00, 'vacant', NULL, NULL, 'residential', 'Bayani Hall', NULL),
(167, '2F-016', NULL, '2', '2', 14000.00, 0.00, 'vacant', NULL, NULL, 'residential', 'Bayani Hall', NULL),
(168, '2F-017', NULL, '2', '2', 14000.00, 0.00, 'vacant', NULL, NULL, 'residential', 'Bayani Hall', NULL),
(169, '2F-018', NULL, '2', '2', 14000.00, 0.00, 'vacant', NULL, NULL, 'residential', 'Bayani Hall', NULL),
(170, '2F-019', NULL, '2', '2', 14000.00, 0.00, 'vacant', NULL, NULL, 'residential', 'Bayani Hall', NULL),
(171, '2F-020', NULL, '2', '2', 14000.00, 0.00, 'vacant', NULL, NULL, 'residential', 'Bayani Hall', NULL),
(172, '2F-021', NULL, '2', '2', 14000.00, 0.00, 'vacant', NULL, NULL, 'residential', 'Bayani Hall', NULL),
(173, '2F-022', NULL, '2', '2', 14000.00, 0.00, 'vacant', NULL, NULL, 'residential', 'Bayani Hall', NULL),
(174, '2F-023', NULL, '2', '2', 14000.00, 0.00, 'vacant', NULL, NULL, 'residential', 'Bayani Hall', NULL),
(175, '2F-024', NULL, '2', '2', 14000.00, 0.00, 'vacant', NULL, NULL, 'residential', 'Bayani Hall', NULL),
(176, '2F-025', NULL, '2', '2', 14000.00, 0.00, 'vacant', NULL, NULL, 'residential', 'Bayani Hall', NULL),
(177, '2F-026', NULL, '2', '2', 14000.00, 0.00, 'vacant', NULL, NULL, 'residential', 'Bayani Hall', NULL),
(178, '2F-027', NULL, '2', '2', 14000.00, 0.00, 'vacant', NULL, NULL, 'residential', 'Bayani Hall', NULL),
(179, '2F-028', NULL, '2', '2', 14000.00, 0.00, 'vacant', NULL, NULL, 'residential', 'Bayani Hall', NULL),
(180, '2F-029', NULL, '2', '2', 14000.00, 0.00, 'vacant', NULL, NULL, 'residential', 'Bayani Hall', NULL),
(181, '2F-030', NULL, '2', '2', 14000.00, 0.00, 'vacant', NULL, NULL, 'residential', 'Bayani Hall', NULL),
(182, '2F-031', NULL, '2', '2', 14000.00, 0.00, 'vacant', NULL, NULL, 'residential', 'Bayani Hall', NULL),
(183, '2F-032', NULL, '2', '2', 14000.00, 0.00, 'vacant', NULL, NULL, 'residential', 'Bayani Hall', NULL),
(184, '2F-033', NULL, '2', '2', 14000.00, 0.00, 'vacant', NULL, NULL, 'residential', 'Bayani Hall', NULL),
(185, '2F-034', NULL, '2', '2', 14000.00, 0.00, 'vacant', NULL, NULL, 'residential', 'Bayani Hall', NULL),
(186, '2F-035', 40, '2', '4', 14000.00, 0.00, 'vacant', NULL, NULL, 'residential', 'Bayani Hall', NULL),
(187, '2F-036', NULL, '2', '2', 14000.00, 0.00, 'vacant', NULL, NULL, 'residential', 'Bayani Hall', NULL),
(188, '5F-01', NULL, '5', '2', 14000.00, 0.00, 'vacant', NULL, NULL, 'residential', 'Bayani Hall', NULL),
(189, '5F-02', NULL, '5', '2', 14000.00, 0.00, 'vacant', NULL, NULL, 'residential', 'Bayani Hall', NULL),
(190, '5F-03', NULL, '5', '2', 14000.00, 0.00, 'vacant', NULL, NULL, 'residential', 'Bayani Hall', NULL),
(191, '5F-04', NULL, '5', '2', 14000.00, 0.00, 'vacant', NULL, NULL, 'residential', 'Bayani Hall', NULL),
(192, '5F-05', NULL, '5', '2', 14000.00, 0.00, 'vacant', NULL, NULL, 'residential', 'Bayani Hall', NULL),
(193, '5F-06', NULL, '5', '2', 14000.00, 0.00, 'vacant', NULL, NULL, 'residential', 'Bayani Hall', NULL),
(194, '5F-07', NULL, '5', '2', 14000.00, 0.00, 'vacant', NULL, NULL, 'residential', 'Bayani Hall', NULL),
(195, '5F-08', NULL, '5', '2', 14000.00, 0.00, 'vacant', NULL, NULL, 'residential', 'Bayani Hall', NULL),
(196, '5F-09', NULL, '5', '2', 14000.00, 0.00, 'vacant', NULL, NULL, 'residential', 'Bayani Hall', NULL),
(197, '5F-010', NULL, '5', '2', 14000.00, 0.00, 'vacant', NULL, NULL, 'residential', 'Bayani Hall', NULL),
(198, '5F-011', NULL, '5', '2', 14000.00, 0.00, 'vacant', NULL, NULL, 'residential', 'Bayani Hall', NULL),
(199, '5F-012', NULL, '5', '2', 14000.00, 0.00, 'vacant', NULL, NULL, 'residential', 'Bayani Hall', NULL),
(200, '5F-013', NULL, '5', '2', 14000.00, 0.00, 'vacant', NULL, NULL, 'residential', 'Bayani Hall', NULL),
(201, '5F-014', NULL, '5', '2', 14000.00, 0.00, 'vacant', NULL, NULL, 'residential', 'Bayani Hall', NULL),
(202, '5F-015', NULL, '5', '2', 14000.00, 0.00, 'vacant', NULL, NULL, 'residential', 'Bayani Hall', NULL),
(203, '5F-016', NULL, '5', '2', 14000.00, 0.00, 'vacant', NULL, NULL, 'residential', 'Bayani Hall', NULL),
(204, '5F-017', NULL, '5', '2', 14000.00, 0.00, 'vacant', NULL, NULL, 'residential', 'Bayani Hall', NULL),
(205, '5F-018', NULL, '5', '2', 14000.00, 0.00, 'vacant', NULL, NULL, 'residential', 'Bayani Hall', NULL),
(206, '5F-019', NULL, '5', '2', 14000.00, 0.00, 'vacant', NULL, NULL, 'residential', 'Bayani Hall', NULL),
(207, '5F-020', NULL, '5', '2', 14000.00, 0.00, 'vacant', NULL, NULL, 'residential', 'Bayani Hall', NULL),
(208, '5F-021', NULL, '5', '2', 14000.00, 0.00, 'vacant', NULL, NULL, 'residential', 'Bayani Hall', NULL),
(209, '5F-022', NULL, '5', '2', 14000.00, 0.00, 'vacant', NULL, NULL, 'residential', 'Bayani Hall', NULL),
(210, '5F-023', NULL, '5', '2', 14000.00, 0.00, 'vacant', NULL, NULL, 'residential', 'Bayani Hall', NULL),
(211, '5F-024', NULL, '5', '2', 14000.00, 0.00, 'vacant', NULL, NULL, 'residential', 'Bayani Hall', NULL),
(212, '5F-025', NULL, '5', '2', 14000.00, 0.00, 'vacant', NULL, NULL, 'residential', 'Bayani Hall', NULL),
(213, '5F-026', NULL, '5', '2', 14000.00, 0.00, 'vacant', NULL, NULL, 'residential', 'Bayani Hall', NULL),
(214, '5F-027', NULL, '5', '2', 14000.00, 0.00, 'vacant', NULL, NULL, 'residential', 'Bayani Hall', NULL),
(215, '5F-028', NULL, '5', '2', 14000.00, 0.00, 'vacant', NULL, NULL, 'residential', 'Bayani Hall', NULL),
(216, '5F-029', NULL, '5', '2', 14000.00, 0.00, 'vacant', NULL, NULL, 'residential', 'Bayani Hall', NULL),
(217, '5F-030', NULL, '5', '2', 14000.00, 0.00, 'vacant', NULL, NULL, 'residential', 'Bayani Hall', NULL),
(218, '5F-031', NULL, '5', '2', 14000.00, 0.00, 'vacant', NULL, NULL, 'residential', 'Bayani Hall', NULL),
(219, '5F-032', NULL, '5', '2', 14000.00, 0.00, 'vacant', NULL, NULL, 'residential', 'Bayani Hall', NULL),
(220, '5F-033', NULL, '5', '2', 14000.00, 0.00, 'vacant', NULL, NULL, 'residential', 'Bayani Hall', NULL),
(221, '5F-034', NULL, '5', '2', 14000.00, 0.00, 'vacant', NULL, NULL, 'residential', 'Bayani Hall', NULL),
(222, '5F-035', NULL, '5', '2', 14000.00, 0.00, 'vacant', NULL, NULL, 'residential', 'Bayani Hall', NULL),
(223, '5F-036', NULL, '5', '2', 14000.00, 0.00, 'vacant', NULL, NULL, 'residential', 'Bayani Hall', NULL),
(224, '6F-01', NULL, '6', '2', 14000.00, 0.00, 'vacant', NULL, NULL, 'residential', 'Bayani Hall', NULL),
(225, '6F-02', NULL, '6', '2', 14000.00, 0.00, 'vacant', NULL, NULL, 'residential', 'Bayani Hall', NULL),
(226, '6F-03', NULL, '6', '2', 14000.00, 0.00, 'vacant', NULL, NULL, 'residential', 'Bayani Hall', NULL),
(227, '6F-04', NULL, '6', '2', 14000.00, 0.00, 'vacant', NULL, NULL, 'residential', 'Bayani Hall', NULL),
(228, '6F-05', NULL, '6', '2', 14000.00, 0.00, 'vacant', NULL, NULL, 'residential', 'Bayani Hall', NULL),
(229, '6F-06', NULL, '6', '2', 14000.00, 0.00, 'vacant', NULL, NULL, 'residential', 'Bayani Hall', NULL),
(230, '6F-07', NULL, '6', '2', 14000.00, 0.00, 'vacant', NULL, NULL, 'residential', 'Bayani Hall', NULL),
(231, '6F-08', NULL, '6', '2', 14000.00, 0.00, 'vacant', NULL, NULL, 'residential', 'Bayani Hall', NULL),
(232, '6F-09', NULL, '6', '2', 14000.00, 0.00, 'vacant', NULL, NULL, 'residential', 'Bayani Hall', NULL),
(233, '6F-010', NULL, '6', '2', 14000.00, 0.00, 'vacant', NULL, NULL, 'residential', 'Bayani Hall', NULL),
(234, '6F-011', NULL, '6', '2', 14000.00, 0.00, 'vacant', NULL, NULL, 'residential', 'Bayani Hall', NULL),
(235, '6F-012', NULL, '6', '2', 14000.00, 0.00, 'vacant', NULL, NULL, 'residential', 'Bayani Hall', NULL),
(236, '6F-013', NULL, '6', '2', 14000.00, 0.00, 'vacant', NULL, NULL, 'residential', 'Bayani Hall', NULL),
(237, '6F-014', NULL, '6', '2', 14000.00, 0.00, 'vacant', NULL, NULL, 'residential', 'Bayani Hall', NULL),
(238, '6F-015', NULL, '6', '2', 14000.00, 0.00, 'vacant', NULL, NULL, 'residential', 'Bayani Hall', NULL),
(239, '6F-016', NULL, '6', '2', 14000.00, 0.00, 'vacant', NULL, NULL, 'residential', 'Bayani Hall', NULL),
(240, '6F-017', NULL, '6', '2', 14000.00, 0.00, 'vacant', NULL, NULL, 'residential', 'Bayani Hall', NULL),
(241, '6F-018', NULL, '6', '2', 14000.00, 0.00, 'vacant', NULL, NULL, 'residential', 'Bayani Hall', NULL),
(242, '6F-019', NULL, '6', '2', 14000.00, 0.00, 'vacant', NULL, NULL, 'residential', 'Bayani Hall', NULL),
(243, '6F-020', NULL, '6', '2', 14000.00, 0.00, 'vacant', NULL, NULL, 'residential', 'Bayani Hall', NULL),
(244, '6F-021', NULL, '6', '2', 14000.00, 0.00, 'vacant', NULL, NULL, 'residential', 'Bayani Hall', NULL),
(245, '6F-022', NULL, '6', '2', 14000.00, 0.00, 'vacant', NULL, NULL, 'residential', 'Bayani Hall', NULL),
(246, '6F-023', NULL, '6', '2', 14000.00, 0.00, 'vacant', NULL, NULL, 'residential', 'Bayani Hall', NULL),
(247, '6F-024', NULL, '6', '2', 14000.00, 0.00, 'vacant', NULL, NULL, 'residential', 'Bayani Hall', NULL),
(248, '6F-025', NULL, '6', '2', 14000.00, 0.00, 'vacant', NULL, NULL, 'residential', 'Bayani Hall', NULL),
(249, '6F-026', NULL, '6', '2', 14000.00, 0.00, 'vacant', NULL, NULL, 'residential', 'Bayani Hall', NULL),
(250, '6F-027', NULL, '6', '2', 14000.00, 0.00, 'vacant', NULL, NULL, 'residential', 'Bayani Hall', NULL),
(251, '6F-028', NULL, '6', '2', 14000.00, 0.00, 'vacant', NULL, NULL, 'residential', 'Bayani Hall', NULL),
(252, '6F-029', NULL, '6', '2', 14000.00, 0.00, 'vacant', NULL, NULL, 'residential', 'Bayani Hall', NULL),
(253, '6F-030', NULL, '6', '2', 14000.00, 0.00, 'vacant', NULL, NULL, 'residential', 'Bayani Hall', NULL),
(254, '6F-031', NULL, '6', '2', 14000.00, 0.00, 'vacant', NULL, NULL, 'residential', 'Bayani Hall', NULL),
(255, '6F-032', NULL, '6', '2', 14000.00, 0.00, 'vacant', NULL, NULL, 'residential', 'Bayani Hall', NULL),
(256, '6F-033', NULL, '6', '2', 14000.00, 0.00, 'vacant', NULL, NULL, 'residential', 'Bayani Hall', NULL),
(257, '6F-034', NULL, '6', '2', 14000.00, 0.00, 'vacant', NULL, NULL, 'residential', 'Bayani Hall', NULL),
(258, '6F-035', NULL, '6', '2', 14000.00, 0.00, 'vacant', NULL, NULL, 'residential', 'Bayani Hall', NULL),
(259, '6F-036', NULL, '6', '2', 14000.00, 0.00, 'vacant', NULL, NULL, 'residential', 'Bayani Hall', NULL),
(260, '7F-01', NULL, '7', '2', 14000.00, 0.00, 'vacant', NULL, NULL, 'residential', 'Bayani Hall', NULL),
(261, '7F-02', NULL, '7', '2', 14000.00, 0.00, 'vacant', NULL, NULL, 'residential', 'Bayani Hall', NULL),
(262, '7F-03', NULL, '7', '2', 14000.00, 0.00, 'vacant', NULL, NULL, 'residential', 'Bayani Hall', NULL),
(263, '7F-04', NULL, '7', '2', 14000.00, 0.00, 'vacant', NULL, NULL, 'residential', 'Bayani Hall', NULL),
(264, '7F-05', NULL, '7', '2', 14000.00, 0.00, 'vacant', NULL, NULL, 'residential', 'Bayani Hall', NULL),
(265, '7F-06', NULL, '7', '2', 14000.00, 0.00, 'vacant', NULL, NULL, 'residential', 'Bayani Hall', NULL),
(266, '7F-07', NULL, '7', '2', 14000.00, 0.00, 'vacant', NULL, NULL, 'residential', 'Bayani Hall', NULL),
(267, '7F-08', NULL, '7', '2', 14000.00, 0.00, 'vacant', NULL, NULL, 'residential', 'Bayani Hall', NULL),
(268, '7F-09', NULL, '7', '2', 14000.00, 0.00, 'vacant', NULL, NULL, 'residential', 'Bayani Hall', NULL),
(269, '7F-010', NULL, '7', '2', 14000.00, 0.00, 'vacant', NULL, NULL, 'residential', 'Bayani Hall', NULL),
(270, '7F-011', NULL, '7', '2', 14000.00, 0.00, 'vacant', NULL, NULL, 'residential', 'Bayani Hall', NULL),
(271, '7F-012', NULL, '7', '2', 14000.00, 0.00, 'vacant', NULL, NULL, 'residential', 'Bayani Hall', NULL),
(272, '7F-013', NULL, '7', '2', 14000.00, 0.00, 'vacant', NULL, NULL, 'residential', 'Bayani Hall', NULL),
(273, '7F-014', NULL, '7', '2', 14000.00, 0.00, 'vacant', NULL, NULL, 'residential', 'Bayani Hall', NULL),
(274, '7F-015', NULL, '7', '2', 14000.00, 0.00, 'vacant', NULL, NULL, 'residential', 'Bayani Hall', NULL),
(275, '7F-016', NULL, '7', '2', 14000.00, 0.00, 'vacant', NULL, NULL, 'residential', 'Bayani Hall', NULL),
(276, '7F-017', NULL, '7', '2', 14000.00, 0.00, 'vacant', NULL, NULL, 'residential', 'Bayani Hall', NULL),
(277, '7F-018', NULL, '7', '2', 14000.00, 0.00, 'vacant', NULL, NULL, 'residential', 'Bayani Hall', NULL),
(278, '7F-019', NULL, '7', '2', 14000.00, 0.00, 'vacant', NULL, NULL, 'residential', 'Bayani Hall', NULL),
(279, '7F-020', NULL, '7', '2', 14000.00, 0.00, 'vacant', NULL, NULL, 'residential', 'Bayani Hall', NULL),
(280, '7F-021', NULL, '7', '2', 14000.00, 0.00, 'vacant', NULL, NULL, 'residential', 'Bayani Hall', NULL),
(281, '7F-022', NULL, '7', '2', 14000.00, 0.00, 'vacant', NULL, NULL, 'residential', 'Bayani Hall', NULL),
(282, '7F-023', NULL, '7', '2', 14000.00, 0.00, 'vacant', NULL, NULL, 'residential', 'Bayani Hall', NULL),
(283, '7F-024', NULL, '7', '2', 14000.00, 0.00, 'vacant', NULL, NULL, 'residential', 'Bayani Hall', NULL),
(284, '7F-025', NULL, '7', '2', 14000.00, 0.00, 'vacant', NULL, NULL, 'residential', 'Bayani Hall', NULL),
(285, '7F-026', NULL, '7', '2', 14000.00, 0.00, 'vacant', NULL, NULL, 'residential', 'Bayani Hall', NULL),
(286, '7F-027', NULL, '7', '2', 14000.00, 0.00, 'vacant', NULL, NULL, 'residential', 'Bayani Hall', NULL),
(287, '7F-028', NULL, '7', '2', 14000.00, 0.00, 'vacant', NULL, NULL, 'residential', 'Bayani Hall', NULL),
(288, '7F-029', NULL, '7', '2', 14000.00, 0.00, 'vacant', NULL, NULL, 'residential', 'Bayani Hall', NULL),
(289, '7F-030', NULL, '7', '2', 14000.00, 0.00, 'vacant', NULL, NULL, 'residential', 'Bayani Hall', NULL),
(290, '7F-031', NULL, '7', '2', 14000.00, 0.00, 'vacant', NULL, NULL, 'residential', 'Bayani Hall', NULL),
(291, '7F-032', NULL, '7', '2', 14000.00, 0.00, 'vacant', NULL, NULL, 'residential', 'Bayani Hall', NULL),
(292, '7F-033', NULL, '7', '2', 14000.00, 0.00, 'vacant', NULL, NULL, 'residential', 'Bayani Hall', NULL),
(293, '7F-034', NULL, '7', '2', 14000.00, 0.00, 'vacant', NULL, NULL, 'residential', 'Bayani Hall', NULL),
(294, '7F-035', NULL, '7', '2', 14000.00, 0.00, 'vacant', NULL, NULL, 'residential', 'Bayani Hall', NULL),
(295, '7F-036', NULL, '7', '2', 14000.00, 0.00, 'vacant', NULL, NULL, 'residential', 'Bayani Hall', NULL),
(296, '8F-01', NULL, '8', '2', 14000.00, 0.00, 'vacant', NULL, NULL, 'residential', 'Bayani Hall', NULL),
(297, '8F-02', NULL, '8', '2', 14000.00, 0.00, 'vacant', NULL, NULL, 'residential', 'Bayani Hall', NULL),
(298, '8F-03', NULL, '8', '2', 14000.00, 0.00, 'vacant', NULL, NULL, 'residential', 'Bayani Hall', NULL),
(299, '8F-04', NULL, '8', '2', 14000.00, 0.00, 'vacant', NULL, NULL, 'residential', 'Bayani Hall', NULL),
(300, '8F-05', NULL, '8', '2', 14000.00, 0.00, 'vacant', NULL, NULL, 'residential', 'Bayani Hall', NULL),
(301, '8F-06', NULL, '8', '2', 14000.00, 0.00, 'vacant', NULL, NULL, 'residential', 'Bayani Hall', NULL),
(302, '8F-07', NULL, '8', '2', 14000.00, 0.00, 'vacant', NULL, NULL, 'residential', 'Bayani Hall', NULL),
(303, '8F-08', NULL, '8', '2', 14000.00, 0.00, 'vacant', NULL, NULL, 'residential', 'Bayani Hall', NULL),
(304, '8F-09', NULL, '8', '2', 14000.00, 0.00, 'vacant', NULL, NULL, 'residential', 'Bayani Hall', NULL),
(305, '8F-010', NULL, '8', '2', 14000.00, 0.00, 'vacant', NULL, NULL, 'residential', 'Bayani Hall', NULL),
(306, '8F-011', NULL, '8', '2', 14000.00, 0.00, 'vacant', NULL, NULL, 'residential', 'Bayani Hall', NULL),
(307, '8F-012', NULL, '8', '2', 14000.00, 0.00, 'vacant', NULL, NULL, 'residential', 'Bayani Hall', NULL),
(308, '8F-013', NULL, '8', '2', 14000.00, 0.00, 'vacant', NULL, NULL, 'residential', 'Bayani Hall', NULL),
(309, '8F-014', NULL, '8', '2', 14000.00, 0.00, 'vacant', NULL, NULL, 'residential', 'Bayani Hall', NULL),
(310, '8F-015', NULL, '8', '2', 14000.00, 0.00, 'vacant', NULL, NULL, 'residential', 'Bayani Hall', NULL),
(311, '8F-016', NULL, '8', '2', 14000.00, 0.00, 'vacant', NULL, NULL, 'residential', 'Bayani Hall', NULL),
(312, '8F-017', NULL, '8', '2', 14000.00, 0.00, 'vacant', NULL, NULL, 'residential', 'Bayani Hall', NULL),
(313, '8F-018', NULL, '8', '2', 14000.00, 0.00, 'vacant', NULL, NULL, 'residential', 'Bayani Hall', NULL),
(314, '8F-019', NULL, '8', '2', 14000.00, 0.00, 'vacant', NULL, NULL, 'residential', 'Bayani Hall', NULL),
(315, '8F-020', NULL, '8', '2', 14000.00, 0.00, 'vacant', NULL, NULL, 'residential', 'Bayani Hall', NULL),
(316, '8F-021', NULL, '8', '2', 14000.00, 0.00, 'vacant', NULL, NULL, 'residential', 'Bayani Hall', NULL),
(317, '8F-022', NULL, '8', '2', 14000.00, 0.00, 'vacant', NULL, NULL, 'residential', 'Bayani Hall', NULL),
(318, '8F-023', NULL, '8', '2', 14000.00, 0.00, 'vacant', NULL, NULL, 'residential', 'Bayani Hall', NULL),
(319, '8F-024', NULL, '8', '2', 14000.00, 0.00, 'vacant', NULL, NULL, 'residential', 'Bayani Hall', NULL),
(320, '8F-025', NULL, '8', '2', 14000.00, 0.00, 'vacant', NULL, NULL, 'residential', 'Bayani Hall', NULL),
(321, '8F-026', NULL, '8', '2', 14000.00, 0.00, 'vacant', NULL, NULL, 'residential', 'Bayani Hall', NULL),
(322, '8F-027', NULL, '8', '2', 14000.00, 0.00, 'vacant', NULL, NULL, 'residential', 'Bayani Hall', NULL),
(323, '8F-028', NULL, '8', '2', 14000.00, 0.00, 'vacant', NULL, NULL, 'residential', 'Bayani Hall', NULL),
(324, '8F-029', NULL, '8', '2', 14000.00, 0.00, 'vacant', NULL, NULL, 'residential', 'Bayani Hall', NULL),
(325, '8F-030', NULL, '8', '2', 14000.00, 0.00, 'vacant', NULL, NULL, 'residential', 'Bayani Hall', NULL),
(326, '8F-031', NULL, '8', '2', 14000.00, 0.00, 'vacant', NULL, NULL, 'residential', 'Bayani Hall', NULL),
(327, '8F-032', NULL, '8', '2', 14000.00, 0.00, 'vacant', NULL, NULL, 'residential', 'Bayani Hall', NULL),
(328, '8F-033', NULL, '8', '2', 14000.00, 0.00, 'vacant', NULL, NULL, 'residential', 'Bayani Hall', NULL),
(329, '8F-034', NULL, '8', '2', 14000.00, 0.00, 'vacant', NULL, NULL, 'residential', 'Bayani Hall', NULL),
(330, '8F-035', NULL, '8', '2', 14000.00, 0.00, 'vacant', NULL, NULL, 'residential', 'Bayani Hall', NULL),
(331, '8F-036', NULL, '8', '2', 14000.00, 0.00, 'vacant', NULL, NULL, 'residential', 'Bayani Hall', NULL),
(332, 'CU-001', 31, '5', '1', 14000.00, 0.00, 'vacant', NULL, NULL, 'commercial', 'Bayani Hall', NULL),
(333, 'CU-002', 32, '5', '1', 14000.00, 0.00, 'vacant', NULL, NULL, 'commercial', 'Bayani Hall', NULL),
(334, 'CU-003', 33, '5', '2', 14000.00, 0.00, 'vacant', NULL, NULL, 'commercial', 'Bayani Hall', NULL),
(335, 'CU-004', 34, '5', '1', 14000.00, 0.00, 'vacant', NULL, NULL, 'commercial', 'Bayani Hall', NULL),
(336, 'CU-005', 35, '5', '1', 14000.00, 0.00, 'vacant', NULL, NULL, 'commercial', 'Bayani Hall', NULL),
(337, 'CU-006', 36, '5', '1', 14000.00, 0.00, 'vacant', NULL, NULL, 'commercial', 'Bayani Hall', NULL),
(338, 'CU-007', 37, '5', '1', 14000.00, 0.00, 'vacant', NULL, NULL, 'commercial', 'Bayani Hall', NULL),
(339, 'CU-008', 38, '5', '1', 14000.00, 0.00, 'vacant', NULL, NULL, 'commercial', 'Bayani Hall', NULL),
(340, '204', 20, '2', '1', 14000.00, 0.00, 'occupied', NULL, NULL, 'residential', 'The Courtyards', 'Loft'),
(341, '214', 18, '2', '1', 14000.00, 0.00, 'occupied', NULL, NULL, 'residential', 'The Courtyards', 'Loft'),
(342, '215', 19, '2', '1', 14000.00, 0.00, 'occupied', NULL, NULL, 'residential', 'The Courtyards', 'Loft'),
(343, '209', 17, '2', '1', 14000.00, 0.00, 'occupied', NULL, NULL, 'residential', 'The Courtyards', 'Loft'),
(348, 'CA-3B', 2, '5', '1', 14000.00, 0.00, 'vacant', NULL, NULL, 'residential', 'The Courtyards', 'Cabin-A'),
(349, 'CB-4B', 3, '5', '2', 16000.00, 0.00, 'occupied', NULL, NULL, 'residential', 'The Courtyards', 'Cabin-B'),
(350, '1-518', 4, '5', '1', 17000.00, 0.00, 'vacant', NULL, NULL, 'residential', 'The Courtyards', 'Blk-1'),
(351, '1-614', 5, '5', '2', 17000.00, 0.00, 'occupied', NULL, NULL, 'residential', 'The Courtyards', 'Blk-1'),
(352, '2B-006', 13, '2', '2', 17000.00, 0.00, 'vacant', NULL, NULL, 'residential', 'The Courtyards', 'Blk-2'),
(353, '2B-010', 14, '2', '2', 17000.00, 0.00, 'occupied', NULL, NULL, 'residential', 'The Courtyards', 'Blk-2'),
(354, '2-312', 12, '2', '2', 17000.00, 0.00, 'occupied', NULL, NULL, 'residential', 'The Courtyards', 'Blk-2'),
(355, '3B-004', 7, '3', '1', 17000.00, 0.00, 'occupied', NULL, NULL, 'residential', 'The Courtyards', 'Blk-3'),
(356, '3-505', 8, '3', '2', 17000.00, 0.00, 'occupied', NULL, NULL, 'residential', 'The Courtyards', 'Blk-3'),
(357, '107', 15, '1', '1', 14000.00, 0.00, 'occupied', NULL, NULL, 'residential', 'The Courtyards', 'Loft'),
(358, '202', 16, '2', '1', 14000.00, 0.00, 'occupied', NULL, NULL, 'residential', 'The Courtyards', 'Loft'),
(359, '1B-10', 21, '1', '1', 14000.00, 0.00, 'occupied', NULL, NULL, 'residential', 'The Courtyards', 'Loft'),
(360, '313', 6, '5', '2', 14000.00, 0.00, 'occupied', NULL, NULL, 'residential', 'The Courtyards', 'Loft'),
(652, '4LL-East', NULL, 'G', '2', 6800.00, NULL, 'vacant', NULL, NULL, 'residential', 'North Cambridge', 'Harvard'),
(651, '4LK-East', NULL, 'G', '2', 6800.00, NULL, 'vacant', NULL, NULL, 'residential', 'North Cambridge', 'Harvard'),
(650, '4LJ-East', NULL, 'G', '2', 6800.00, NULL, 'vacant', NULL, NULL, 'residential', 'North Cambridge', 'Harvard'),
(649, '4LG-East', NULL, 'G', '2', 6800.00, NULL, 'vacant', NULL, NULL, 'residential', 'North Cambridge', 'Harvard'),
(648, '3LO-West', NULL, 'G', '2', 6800.00, NULL, 'vacant', NULL, NULL, 'residential', 'North Cambridge', 'Harvard'),
(647, '3LI-West', NULL, 'G', '2', 6800.00, NULL, 'vacant', NULL, NULL, 'residential', 'North Cambridge', 'Harvard'),
(646, '3LG-West', NULL, 'G', '2', 6800.00, NULL, 'vacant', NULL, NULL, 'residential', 'North Cambridge', 'Harvard'),
(645, '3LF-West', NULL, 'G', '2', 6800.00, NULL, 'vacant', NULL, NULL, 'residential', 'North Cambridge', 'Harvard'),
(644, '3LE-West', NULL, 'G', '2', 6800.00, NULL, 'vacant', NULL, NULL, 'residential', 'North Cambridge', 'Harvard'),
(643, '3LD-West', NULL, 'G', '2', 6800.00, NULL, 'vacant', NULL, NULL, 'residential', 'North Cambridge', 'Harvard'),
(642, '3LC-West', NULL, 'G', '2', 6800.00, NULL, 'vacant', NULL, NULL, 'residential', 'North Cambridge', 'Harvard'),
(641, '3LQ-East', NULL, 'G', '2', 6800.00, NULL, 'vacant', NULL, NULL, 'residential', 'North Cambridge', 'Harvard'),
(640, '3LP-East', NULL, 'G', '2', 6800.00, NULL, 'vacant', NULL, NULL, 'residential', 'North Cambridge', 'Harvard'),
(639, '3LN-East', NULL, 'G', '2', 6800.00, NULL, 'vacant', NULL, NULL, 'residential', 'North Cambridge', 'Harvard'),
(638, '3LE-East', NULL, 'G', '2', 6800.00, NULL, 'vacant', NULL, NULL, 'residential', 'North Cambridge', 'Harvard'),
(637, '3LC-East', NULL, 'G', '2', 6800.00, NULL, 'vacant', NULL, NULL, 'residential', 'North Cambridge', 'Harvard'),
(636, '3LA-East', NULL, 'G', '2', 6800.00, NULL, 'vacant', NULL, NULL, 'residential', 'North Cambridge', 'Harvard'),
(635, '2LO-West', NULL, 'G', '2', 6800.00, NULL, 'vacant', NULL, NULL, 'residential', 'North Cambridge', 'Harvard'),
(634, '2LI-West', NULL, 'G', '2', 6800.00, NULL, 'vacant', NULL, NULL, 'residential', 'North Cambridge', 'Harvard'),
(633, '2LN-West', NULL, 'G', '2', 6800.00, NULL, 'vacant', NULL, NULL, 'residential', 'North Cambridge', 'Harvard'),
(632, '2LL-West', NULL, 'G', '2', 6800.00, NULL, 'vacant', NULL, NULL, 'residential', 'North Cambridge', 'Harvard'),
(631, '2LE-West', NULL, 'G', '2', 6800.00, NULL, 'vacant', NULL, NULL, 'residential', 'North Cambridge', 'Harvard'),
(630, '2LA-West', NULL, 'G', '2', 6800.00, NULL, 'vacant', NULL, NULL, 'residential', 'North Cambridge', 'Harvard'),
(629, '2LP-East', NULL, 'G', '2', 6800.00, NULL, 'vacant', NULL, NULL, 'residential', 'North Cambridge', 'Harvard'),
(628, '5LL-West', NULL, 'G', '2', 6800.00, NULL, 'vacant', NULL, NULL, 'residential', 'North Cambridge', 'Harvard'),
(627, '5LK-West', NULL, 'G', '2', 6800.00, NULL, 'vacant', NULL, NULL, 'residential', 'North Cambridge', 'Harvard'),
(626, '5LJ-West', NULL, 'G', '2', 6800.00, NULL, 'vacant', NULL, NULL, 'residential', 'North Cambridge', 'Harvard'),
(625, '5LH-West', NULL, 'G', '2', 6800.00, NULL, 'vacant', NULL, NULL, 'residential', 'North Cambridge', 'Harvard'),
(624, '5LC-West', NULL, 'G', '2', 6800.00, NULL, 'vacant', NULL, NULL, 'residential', 'North Cambridge', 'Harvard'),
(623, '5LB-East', NULL, 'G', '2', 6800.00, NULL, 'vacant', NULL, NULL, 'residential', 'North Cambridge', 'Harvard'),
(622, '3LP-West', NULL, 'G', '2', 6800.00, NULL, 'vacant', NULL, NULL, 'residential', 'North Cambridge', 'Harvard'),
(621, '3LJ-EAST', NULL, 'G', '2', 6800.00, NULL, 'vacant', NULL, NULL, 'residential', 'North Cambridge', 'Harvard'),
(620, '2LH-EAST', NULL, 'G', '2', 6800.00, NULL, 'vacant', NULL, NULL, 'residential', 'North Cambridge', 'Harvard'),
(619, '6F-26\r\n', NULL, 'G', '2', 12000.00, NULL, 'vacant', NULL, NULL, 'residential', 'North Cambridge', 'Wharton'),
(618, '6F-17\r\n', NULL, 'G', '2', 12000.00, NULL, 'vacant', NULL, NULL, 'residential', 'North Cambridge', 'Wharton'),
(617, '6F-15\r\n', NULL, 'G', '2', 12000.00, NULL, 'vacant', NULL, NULL, 'residential', 'North Cambridge', 'Wharton'),
(616, '4F-7', NULL, 'G', '2', 12000.00, NULL, 'vacant', NULL, NULL, 'residential', 'North Cambridge', 'Wharton'),
(615, '3F-28\r\n', NULL, 'G', '2', 12000.00, NULL, 'vacant', NULL, NULL, 'residential', 'North Cambridge', 'Wharton'),
(614, '3F-14\r\n', NULL, 'G', '2', 12000.00, NULL, 'vacant', NULL, NULL, 'residential', 'North Cambridge', 'Wharton'),
(613, '3F-12\r\n', NULL, 'G', '2', 12000.00, NULL, 'vacant', NULL, NULL, 'residential', 'North Cambridge', 'Wharton'),
(612, '6F-15\r\n', NULL, 'G', '2', 12000.00, NULL, 'vacant', NULL, NULL, 'residential', 'North Cambridge', 'Wharton'),
(611, '6F-13', NULL, 'G', '2', 12000.00, NULL, 'vacant', NULL, NULL, 'residential', 'North Cambridge', 'Wharton'),
(610, '5F-18', NULL, 'G', '2', 12000.00, NULL, 'vacant', NULL, NULL, 'residential', 'North Cambridge', 'Wharton'),
(609, '5F-30', NULL, 'G', '2', 12000.00, NULL, 'vacant', NULL, NULL, 'residential', 'North Cambridge', 'Wharton'),
(608, '5F-6', NULL, 'G', '2', 12000.00, NULL, 'vacant', NULL, NULL, 'residential', 'North Cambridge', 'Wharton'),
(607, '5F-1', NULL, 'G', '2', 12000.00, NULL, 'vacant', NULL, NULL, 'residential', 'North Cambridge', 'Wharton'),
(606, '4F-25', NULL, 'G', '2', 12000.00, NULL, 'vacant', NULL, NULL, 'residential', 'North Cambridge', 'Wharton'),
(605, '4F-24\r\n', NULL, 'G', '2', 12000.00, NULL, 'vacant', NULL, NULL, 'residential', 'North Cambridge', 'Wharton'),
(604, '2F-27\r\n', NULL, 'G', '2', 12000.00, NULL, 'vacant', NULL, NULL, 'residential', 'North Cambridge', 'Wharton'),
(603, 'GF-23', NULL, 'G', '2', 12000.00, NULL, 'vacant', NULL, NULL, 'residential', 'North Cambridge', 'Wharton'),
(602, 'GF-22', 22, 'G', '2', 12000.00, NULL, 'vacant', NULL, NULL, 'residential', 'North Cambridge', 'Wharton'),
(601, '6F-14', NULL, 'G', '2', 12000.00, NULL, 'vacant', NULL, NULL, 'residential', 'North Cambridge', 'Wharton'),
(600, '6F-11\r\n', NULL, 'G', '2', 12000.00, NULL, 'vacant', NULL, NULL, 'residential', 'North Cambridge', 'Wharton'),
(599, '4F-1', NULL, 'G', '2', 12000.00, NULL, 'vacant', NULL, NULL, 'residential', 'North Cambridge', 'Wharton'),
(431, 'GF-9', NULL, 'G', '2', 6800.00, NULL, 'vacant', NULL, NULL, 'residential', 'North Cambridge', 'Princeton'),
(432, '3LGF-B', NULL, 'G', '2', 6800.00, NULL, 'vacant', NULL, NULL, 'residential', 'North Cambridge', 'Princeton'),
(433, '2LGF-C', NULL, 'G', '2', 6800.00, NULL, 'vacant', NULL, NULL, 'residential', 'North Cambridge', 'Princeton'),
(434, '2LGF-D', NULL, 'G', '2', 6800.00, NULL, 'vacant', NULL, NULL, 'residential', 'North Cambridge', 'Princeton'),
(435, 'LGF-A', NULL, 'G', '2', 6800.00, NULL, 'vacant', NULL, NULL, 'residential', 'North Cambridge', 'Princeton'),
(436, 'LGF-D', NULL, 'G', '2', 6800.00, NULL, 'vacant', NULL, NULL, 'residential', 'North Cambridge', 'Princeton'),
(437, 'LGF-K', NULL, 'G', '2', 6800.00, NULL, 'vacant', NULL, NULL, 'residential', 'North Cambridge', 'Princeton'),
(438, 'UGF-I', NULL, 'G', '2', 6800.00, NULL, 'vacant', NULL, NULL, 'residential', 'North Cambridge', 'Princeton'),
(439, 'UGF-J', NULL, 'G', '2', 6800.00, NULL, 'vacant', NULL, NULL, 'residential', 'North Cambridge', 'Princeton'),
(440, 'UGF-M', NULL, 'G', '2', 6800.00, NULL, 'vacant', NULL, NULL, 'residential', 'North Cambridge', 'Princeton'),
(441, 'UGF-4', NULL, 'G', '2', 6800.00, NULL, 'vacant', NULL, NULL, 'residential', 'North Cambridge', 'Princeton'),
(442, 'GF-A', NULL, 'G', '2', 6800.00, NULL, 'vacant', NULL, NULL, 'residential', 'North Cambridge', 'Princeton'),
(443, 'GF-I', NULL, 'G', '2', 6800.00, NULL, 'vacant', NULL, NULL, 'residential', 'North Cambridge', 'Princeton'),
(444, 'GF-J', NULL, 'G', '2', 6800.00, NULL, 'vacant', NULL, NULL, 'residential', 'North Cambridge', 'Princeton'),
(445, 'GF-K', NULL, 'G', '2', 6800.00, NULL, 'vacant', NULL, NULL, 'residential', 'North Cambridge', 'Princeton'),
(446, 'GF-2', NULL, 'G', '2', 6800.00, NULL, 'vacant', NULL, NULL, 'residential', 'North Cambridge', 'Princeton'),
(598, '6F-5', NULL, 'G', '2', 12000.00, NULL, 'vacant', NULL, NULL, 'residential', 'North Cambridge', 'Wharton'),
(597, '6F-4', NULL, 'G', '2', 12000.00, NULL, 'vacant', NULL, NULL, 'residential', 'North Cambridge', 'Wharton'),
(596, '5F-8', NULL, 'G', '2', 12000.00, NULL, 'vacant', NULL, NULL, 'residential', 'North Cambridge', 'Wharton'),
(595, '4F-20', NULL, 'G', '2', 12000.00, NULL, 'vacant', NULL, NULL, 'residential', 'North Cambridge', 'Wharton'),
(594, '4F-8', NULL, 'G', '2', 12000.00, NULL, 'vacant', NULL, NULL, 'residential', 'North Cambridge', 'Wharton'),
(593, '4F-4', NULL, 'G', '2', 12000.00, NULL, 'vacant', NULL, NULL, 'residential', 'North Cambridge', 'Wharton'),
(592, '3F-21', NULL, 'G', '2', 12000.00, NULL, 'vacant', NULL, NULL, 'residential', 'North Cambridge', 'Wharton'),
(591, '3F-10\r\n', NULL, 'G', '2', 12000.00, NULL, 'vacant', NULL, NULL, 'residential', 'North Cambridge', 'Wharton'),
(590, '3F-9', NULL, 'G', '2', 12000.00, NULL, 'vacant', NULL, NULL, 'residential', 'North Cambridge', 'Wharton'),
(589, '2F-12\r\n', NULL, 'G', '2', 12000.00, NULL, 'vacant', NULL, NULL, 'residential', 'North Cambridge', 'Wharton'),
(588, '2F-9\r\n', NULL, 'G', '2', 12000.00, NULL, 'vacant', NULL, NULL, 'residential', 'North Cambridge', 'Wharton'),
(587, 'GF-18', NULL, 'G', '2', 12000.00, NULL, 'vacant', NULL, NULL, 'residential', 'North Cambridge', 'Wharton'),
(586, '2F-27\r\n', NULL, 'G', '2', 12000.00, NULL, 'vacant', NULL, NULL, 'residential', 'North Cambridge', 'Wharton'),
(585, '2F-18', NULL, 'G', '2', 12000.00, NULL, 'vacant', NULL, NULL, 'residential', 'North Cambridge', 'Wharton'),
(584, '2F-13', NULL, 'G', '2', 12000.00, NULL, 'vacant', NULL, NULL, 'residential', 'North Cambridge', 'Wharton'),
(583, '2F-10', NULL, 'G', '2', 12000.00, NULL, 'vacant', NULL, NULL, 'residential', 'North Cambridge', 'Wharton'),
(582, '2F-3', NULL, 'G', '2', 12000.00, NULL, 'vacant', NULL, NULL, 'residential', 'North Cambridge', 'Wharton'),
(581, '2F-2', NULL, 'G', '2', 12000.00, NULL, 'vacant', NULL, NULL, 'residential', 'North Cambridge', 'Wharton'),
(580, 'GF-29', NULL, 'G', '2', 12000.00, NULL, 'vacant', NULL, NULL, 'residential', 'North Cambridge', 'Wharton'),
(579, '5F-29', NULL, 'G', '2', 12000.00, NULL, 'vacant', NULL, NULL, 'residential', 'North Cambridge', 'Wharton'),
(578, 'GF-10', NULL, 'G', '2', 12000.00, NULL, 'vacant', NULL, NULL, 'residential', 'North Cambridge', 'Wharton'),
(468, '3F-8', NULL, 'G', '2', 6800.00, NULL, 'vacant', NULL, NULL, 'residential', 'North Cambridge', 'Princeton'),
(469, '3F-12', NULL, 'G', '2', 6800.00, NULL, 'vacant', NULL, NULL, 'residential', 'North Cambridge', 'Princeton'),
(470, '4F-E', NULL, 'G', '2', 6800.00, NULL, 'vacant', NULL, NULL, 'residential', 'North Cambridge', 'Princeton'),
(471, '4F-K', NULL, 'G', '2', 6800.00, NULL, 'vacant', NULL, NULL, 'residential', 'North Cambridge', 'Princeton'),
(472, '4F-1', NULL, 'G', '2', 6800.00, NULL, 'vacant', NULL, NULL, 'residential', 'North Cambridge', 'Princeton'),
(473, '4F-2', NULL, 'G', '2', 6800.00, NULL, 'vacant', NULL, NULL, 'residential', 'North Cambridge', 'Princeton'),
(474, '4F-3', NULL, 'G', '2', 6800.00, NULL, 'vacant', NULL, NULL, 'residential', 'North Cambridge', 'Princeton'),
(475, '4F-5', NULL, 'G', '2', 6800.00, NULL, 'vacant', NULL, NULL, 'residential', 'North Cambridge', 'Princeton'),
(476, '4F-6', NULL, 'G', '2', 6800.00, NULL, 'vacant', NULL, NULL, 'residential', 'North Cambridge', 'Princeton'),
(477, '4F-10', NULL, 'G', '2', 6800.00, NULL, 'vacant', NULL, NULL, 'residential', 'North Cambridge', 'Princeton'),
(478, '4F-11', NULL, 'G', '2', 6800.00, NULL, 'vacant', NULL, NULL, 'residential', 'North Cambridge', 'Princeton'),
(479, '4F-12', NULL, 'G', '2', 6800.00, NULL, 'vacant', NULL, NULL, 'residential', 'North Cambridge', 'Princeton'),
(480, '5F-2', NULL, 'G', '2', 6800.00, NULL, 'vacant', NULL, NULL, 'residential', 'North Cambridge', 'Princeton'),
(481, '5F-7', NULL, 'G', '2', 6800.00, NULL, 'vacant', NULL, NULL, 'residential', 'North Cambridge', 'Princeton'),
(482, '5F-9', NULL, 'G', '2', 6800.00, NULL, 'vacant', NULL, NULL, 'residential', 'North Cambridge', 'Princeton'),
(483, '5F-13', NULL, 'G', '2', 6800.00, NULL, 'vacant', NULL, NULL, 'residential', 'North Cambridge', 'Princeton'),
(484, '5F-A', NULL, 'G', '2', 6800.00, NULL, 'vacant', NULL, NULL, 'residential', 'North Cambridge', 'Princeton'),
(485, '5F-J', NULL, 'G', '2', 6800.00, NULL, 'vacant', NULL, NULL, 'residential', 'North Cambridge', 'Princeton'),
(486, '5F-K', NULL, 'G', '2', 6800.00, NULL, 'vacant', NULL, NULL, 'residential', 'North Cambridge', 'Princeton'),
(487, '5F-L&5F-M', NULL, 'G', '2', 6800.00, NULL, 'vacant', NULL, NULL, 'residential', 'North Cambridge', 'Princeton'),
(488, '6F-2', NULL, 'G', '2', 6800.00, NULL, 'vacant', NULL, NULL, 'residential', 'North Cambridge', 'Princeton'),
(489, '6F-9', NULL, 'G', '2', 6800.00, NULL, 'vacant', NULL, NULL, 'residential', 'North Cambridge', 'Princeton'),
(490, '6F-12', NULL, 'G', '2', 6800.00, NULL, 'vacant', NULL, NULL, 'residential', 'North Cambridge', 'Princeton'),
(491, '6F-D', NULL, 'G', '2', 6800.00, NULL, 'vacant', NULL, NULL, 'residential', 'North Cambridge', 'Princeton'),
(492, '6F-E', NULL, 'G', '2', 6800.00, NULL, 'vacant', NULL, NULL, 'residential', 'North Cambridge', 'Princeton'),
(493, '6F-F', NULL, 'G', '2', 6800.00, NULL, 'vacant', NULL, NULL, 'residential', 'North Cambridge', 'Princeton'),
(494, '6F-I', NULL, 'G', '2', 6800.00, NULL, 'vacant', NULL, NULL, 'residential', 'North Cambridge', 'Princeton'),
(495, '6F-J', NULL, 'G', '2', 6800.00, NULL, 'vacant', NULL, NULL, 'residential', 'North Cambridge', 'Princeton'),
(496, 'LGF-East\r\n', NULL, 'G', '2', 6800.00, NULL, 'vacant', NULL, NULL, 'residential', 'North Cambridge', 'Harvard'),
(497, 'LG-06-West', NULL, 'G', '2', 6800.00, NULL, 'vacant', NULL, NULL, 'residential', 'North Cambridge', 'Harvard'),
(498, 'LGP-East', NULL, 'G', '2', 6800.00, NULL, 'vacant', NULL, NULL, 'residential', 'North Cambridge', 'Harvard'),
(499, 'LGK-West', NULL, 'G', '2', 6800.00, NULL, 'vacant', NULL, NULL, 'residential', 'North Cambridge', 'Harvard'),
(500, 'LGG-West\r\n', NULL, 'G', '2', 6800.00, NULL, 'vacant', NULL, NULL, 'residential', 'North Cambridge', 'Harvard'),
(501, 'UGE-East', NULL, 'G', '2', 6800.00, NULL, 'vacant', NULL, NULL, 'residential', 'North Cambridge', 'Harvard'),
(502, 'UGG-West', NULL, 'G', '2', 6800.00, NULL, 'vacant', NULL, NULL, 'residential', 'North Cambridge', 'Harvard'),
(503, 'UGN-East', NULL, 'G', '2', 6800.00, NULL, 'vacant', NULL, NULL, 'residential', 'North Cambridge', 'Harvard'),
(504, 'UGQ-East', NULL, 'G', '2', 6800.00, NULL, 'vacant', NULL, NULL, 'residential', 'North Cambridge', 'Harvard'),
(505, 'GLA-East', NULL, 'G', '2', 6800.00, NULL, 'vacant', NULL, NULL, 'residential', 'North Cambridge', 'Harvard'),
(506, 'GLB-East', NULL, 'G', '2', 6800.00, NULL, 'vacant', NULL, NULL, 'residential', 'North Cambridge', 'Harvard'),
(507, 'GLD-West', NULL, 'G', '2', 6800.00, NULL, 'vacant', NULL, NULL, 'residential', 'North Cambridge', 'Harvard'),
(508, 'GLI-West', NULL, 'G', '2', 6800.00, NULL, 'vacant', NULL, NULL, 'residential', 'North Cambridge', 'Harvard'),
(509, 'GLP-West', NULL, 'G', '2', 6800.00, NULL, 'vacant', NULL, NULL, 'residential', 'North Cambridge', 'Harvard'),
(510, '2LR-East', NULL, 'G', '2', 6800.00, NULL, 'vacant', NULL, NULL, 'residential', 'North Cambridge', 'Harvard'),
(511, '2LD-East', NULL, 'G', '2', 6800.00, NULL, 'vacant', NULL, NULL, 'residential', 'North Cambridge', 'Harvard'),
(512, '2LI-East', NULL, 'G', '2', 6800.00, NULL, 'vacant', NULL, NULL, 'residential', 'North Cambridge', 'Harvard'),
(513, '2LM-East', NULL, 'G', '2', 6800.00, NULL, 'vacant', NULL, NULL, 'residential', 'North Cambridge', 'Harvard'),
(514, '3LK-East', NULL, 'G', '2', 6800.00, NULL, 'vacant', NULL, NULL, 'residential', 'North Cambridge', 'Harvard'),
(515, '4LC-West', NULL, 'G', '2', 6800.00, NULL, 'vacant', NULL, NULL, 'residential', 'North Cambridge', 'Harvard'),
(516, '4LD-West', NULL, 'G', '2', 6800.00, NULL, 'vacant', NULL, NULL, 'residential', 'North Cambridge', 'Harvard'),
(517, '4LP-East', NULL, 'G', '2', 6800.00, NULL, 'vacant', NULL, NULL, 'residential', 'North Cambridge', 'Harvard'),
(518, '5LA-West\r\n', NULL, 'G', '2', 6800.00, NULL, 'vacant', NULL, NULL, 'residential', 'North Cambridge', 'Harvard'),
(519, '5LD-West', NULL, 'G', '2', 6800.00, NULL, 'vacant', NULL, NULL, 'residential', 'North Cambridge', 'Harvard'),
(520, '5LI-West', NULL, 'G', '2', 6800.00, NULL, 'vacant', NULL, NULL, 'residential', 'North Cambridge', 'Harvard'),
(521, '3LH-West', NULL, 'G', '2', 6800.00, NULL, 'vacant', NULL, NULL, 'residential', 'North Cambridge', 'Harvard'),
(522, '4LF-West', NULL, 'G', '2', 6800.00, NULL, 'vacant', NULL, NULL, 'residential', 'North Cambridge', 'Harvard'),
(523, '4LF-East', NULL, 'G', '2', 6800.00, NULL, 'vacant', NULL, NULL, 'residential', 'North Cambridge', 'Harvard'),
(524, 'LGA-East', NULL, 'G', '2', 6800.00, NULL, 'vacant', NULL, NULL, 'residential', 'North Cambridge', 'Harvard'),
(525, 'LGB-East', NULL, 'G', '2', 6800.00, NULL, 'vacant', NULL, NULL, 'residential', 'North Cambridge', 'Harvard'),
(526, 'LGC-East', NULL, 'G', '2', 6800.00, NULL, 'vacant', NULL, NULL, 'residential', 'North Cambridge', 'Harvard'),
(527, 'LGD East', NULL, 'G', '2', 6800.00, NULL, 'vacant', NULL, NULL, 'residential', 'North Cambridge', 'Harvard'),
(528, 'LGE-East', NULL, 'G', '2', 6800.00, NULL, 'vacant', NULL, NULL, 'residential', 'North Cambridge', 'Harvard'),
(529, 'LGG-East', NULL, 'G', '2', 6800.00, NULL, 'vacant', NULL, NULL, 'residential', 'North Cambridge', 'Harvard'),
(530, 'LGK-East', NULL, 'G', '2', 6800.00, NULL, 'vacant', NULL, NULL, 'residential', 'North Cambridge', 'Harvard'),
(531, 'LGO-East', NULL, 'G', '2', 6800.00, NULL, 'vacant', NULL, NULL, 'residential', 'North Cambridge', 'Harvard'),
(532, 'LGQ- East', NULL, 'G', '2', 6800.00, NULL, 'vacant', NULL, NULL, 'residential', 'North Cambridge', 'Harvard'),
(533, 'LGR-East', NULL, 'G', '2', 6800.00, NULL, 'vacant', NULL, NULL, 'residential', 'North Cambridge', 'Harvard'),
(534, 'LGB-West', NULL, 'G', '2', 6800.00, NULL, 'vacant', NULL, NULL, 'residential', 'North Cambridge', 'Harvard'),
(535, 'LGC-West', NULL, 'G', '2', 6800.00, NULL, 'vacant', NULL, NULL, 'residential', 'North Cambridge', 'Harvard'),
(536, 'LGH-West', NULL, 'G', '2', 6800.00, NULL, 'vacant', NULL, NULL, 'residential', 'North Cambridge', 'Harvard'),
(537, 'UGA-East', NULL, 'G', '2', 6800.00, NULL, 'vacant', NULL, NULL, 'residential', 'North Cambridge', 'Harvard'),
(538, 'UGF-East', NULL, 'G', '2', 6800.00, NULL, 'vacant', NULL, NULL, 'residential', 'North Cambridge', 'Harvard'),
(539, 'UGG-East', NULL, 'G', '2', 6800.00, NULL, 'vacant', NULL, NULL, 'residential', 'North Cambridge', 'Harvard'),
(540, 'UGH-East', NULL, 'G', '2', 6800.00, NULL, 'vacant', NULL, NULL, 'residential', 'North Cambridge', 'Harvard'),
(541, 'UGK-East', NULL, 'G', '2', 6800.00, NULL, 'vacant', NULL, NULL, 'residential', 'North Cambridge', 'Harvard'),
(542, 'UGL-East', NULL, 'G', '2', 6800.00, NULL, 'vacant', NULL, NULL, 'residential', 'North Cambridge', 'Harvard'),
(543, 'UGO-East', NULL, 'G', '2', 6800.00, NULL, 'vacant', NULL, NULL, 'residential', 'North Cambridge', 'Harvard'),
(544, 'UGP-East\r\n', NULL, 'G', '2', 6800.00, NULL, 'vacant', NULL, NULL, 'residential', 'North Cambridge', 'Harvard'),
(545, 'UGR-East', NULL, 'G', '2', 6800.00, NULL, 'vacant', NULL, NULL, 'residential', 'North Cambridge', 'Harvard'),
(546, 'UG-A West', NULL, 'G', '2', 6800.00, NULL, 'vacant', NULL, NULL, 'residential', 'North Cambridge', 'Harvard'),
(547, 'UG-B West', NULL, 'G', '2', 6800.00, NULL, 'vacant', NULL, NULL, 'residential', 'North Cambridge', 'Harvard');
INSERT INTO `units` (`unit_id`, `unit_no`, `unit_unit_owner_id`, `floor_no`, `beds`, `monthly_rent`, `egr`, `status`, `created_at`, `updated_at`, `type_of_units`, `unit_property`, `building`) VALUES
(548, 'UGC-West', NULL, 'G', '2', 6800.00, NULL, 'vacant', NULL, NULL, 'residential', 'North Cambridge', 'Harvard'),
(549, 'UGI-West', NULL, 'G', '2', 6800.00, NULL, 'vacant', NULL, NULL, 'residential', 'North Cambridge', 'Harvard'),
(550, 'UGJ-West', NULL, 'G', '2', 6800.00, NULL, 'vacant', NULL, NULL, 'residential', 'North Cambridge', 'Harvard'),
(551, 'UGL-west', NULL, 'G', '2', 6800.00, NULL, 'vacant', NULL, NULL, 'residential', 'North Cambridge', 'Harvard'),
(552, 'GLC-East', NULL, 'G', '2', 6800.00, NULL, 'vacant', NULL, NULL, 'residential', 'North Cambridge', 'Harvard'),
(553, 'GLE-East', NULL, 'G', '2', 6800.00, NULL, 'vacant', NULL, NULL, 'residential', 'North Cambridge', 'Harvard'),
(554, 'GLG-East', NULL, 'G', '2', 6800.00, NULL, 'vacant', NULL, NULL, 'residential', 'North Cambridge', 'Harvard'),
(555, 'GLI-East', NULL, 'G', '2', 6800.00, NULL, 'vacant', NULL, NULL, 'residential', 'North Cambridge', 'Harvard'),
(556, 'GLJ-East', NULL, 'G', '2', 6800.00, NULL, 'vacant', NULL, NULL, 'residential', 'North Cambridge', 'Harvard'),
(557, 'GLK-East', NULL, 'G', '2', 6800.00, NULL, 'vacant', NULL, NULL, 'residential', 'North Cambridge', 'Harvard'),
(558, 'GLL-East', NULL, 'G', '2', 6800.00, NULL, 'vacant', NULL, NULL, 'residential', 'North Cambridge', 'Harvard'),
(559, 'GLO-East', NULL, 'G', '2', 6800.00, NULL, 'vacant', NULL, NULL, 'residential', 'North Cambridge', 'Harvard'),
(560, 'GLP-East', NULL, 'G', '2', 6800.00, NULL, 'vacant', NULL, NULL, 'residential', 'North Cambridge', 'Harvard'),
(561, 'GLR-East', NULL, 'G', '2', 6800.00, NULL, 'vacant', NULL, NULL, 'residential', 'North Cambridge', 'Harvard'),
(562, 'GLH-West', NULL, 'G', '2', 6800.00, NULL, 'vacant', NULL, NULL, 'residential', 'North Cambridge', 'Harvard'),
(563, 'GLM-West ', NULL, 'G', '2', 6800.00, NULL, 'vacant', NULL, NULL, 'residential', 'North Cambridge', 'Harvard'),
(564, 'GLO-West ', NULL, 'G', '2', 6800.00, NULL, 'vacant', NULL, NULL, 'residential', 'North Cambridge', 'Harvard'),
(565, 'GLR-West', NULL, 'G', '2', 6800.00, NULL, 'vacant', NULL, NULL, 'residential', 'North Cambridge', 'Harvard'),
(566, '2LB-East', NULL, 'G', '2', 6800.00, NULL, 'vacant', NULL, NULL, 'residential', 'North Cambridge', 'Harvard'),
(567, '2LE-East', NULL, 'G', '2', 6800.00, NULL, 'vacant', NULL, NULL, 'residential', 'North Cambridge', 'Harvard'),
(568, '2LGF-B', 11, 'G', '2', 7500.00, NULL, 'vacant', NULL, NULL, 'residential', 'North Cambridge', 'Princeton'),
(569, 'LGF-1', NULL, 'G', '2', 7500.00, NULL, 'vacant', NULL, NULL, 'residential', 'North Cambridge', 'Princeton'),
(570, 'UGF-2', NULL, 'G', '2', 7500.00, NULL, 'vacant', NULL, NULL, 'residential', 'North Cambridge', 'Princeton'),
(571, 'UGF-12', NULL, 'G', '2', 7500.00, NULL, 'vacant', NULL, NULL, 'residential', 'North Cambridge', 'Princeton'),
(572, '6F-K', NULL, 'G', '2', 7500.00, NULL, 'vacant', NULL, NULL, 'residential', 'North Cambridge', 'Princeton'),
(573, 'GF-E', NULL, 'G', '2', 7500.00, NULL, 'vacant', NULL, NULL, 'residential', 'North Cambridge', 'Princeton'),
(574, '6F-3', NULL, 'G', '2', 7500.00, NULL, 'vacant', NULL, NULL, 'residential', 'North Cambridge', 'Princeton'),
(654, '4LO-East', NULL, 'G', '2', 6800.00, NULL, 'vacant', NULL, NULL, 'residential', 'North Cambridge', 'Harvard'),
(653, '4LM-East', NULL, 'G', '2', 6800.00, NULL, 'vacant', NULL, NULL, 'residential', 'North Cambridge', 'Harvard'),
(655, '4LR-East', NULL, 'G', '2', 6800.00, NULL, 'vacant', NULL, NULL, 'residential', 'North Cambridge', 'Harvard'),
(656, '4LE-West', NULL, 'G', '2', 6800.00, NULL, 'vacant', NULL, NULL, 'residential', 'North Cambridge', 'Harvard'),
(657, '4LO-West', NULL, 'G', '2', 6800.00, NULL, 'vacant', NULL, NULL, 'residential', 'North Cambridge', 'Harvard'),
(658, '4LR-west', NULL, 'G', '2', 6800.00, NULL, 'vacant', NULL, NULL, 'residential', 'North Cambridge', 'Harvard'),
(659, '5LC-East', NULL, 'G', '2', 6800.00, NULL, 'vacant', NULL, NULL, 'residential', 'North Cambridge', 'Harvard'),
(660, '5LD-East', NULL, 'G', '2', 6800.00, NULL, 'vacant', NULL, NULL, 'residential', 'North Cambridge', 'Harvard'),
(661, '5LF-East', NULL, 'G', '2', 6800.00, NULL, 'vacant', NULL, NULL, 'residential', 'North Cambridge', 'Harvard'),
(662, '5LJ-East', NULL, 'G', '2', 6800.00, NULL, 'vacant', NULL, NULL, 'residential', 'North Cambridge', 'Harvard'),
(663, '5LK-East', NULL, 'G', '2', 6800.00, NULL, 'vacant', NULL, NULL, 'residential', 'North Cambridge', 'Harvard'),
(664, '5LM-East ', NULL, 'G', '2', 6800.00, NULL, 'vacant', NULL, NULL, 'residential', 'North Cambridge', 'Harvard'),
(665, '5LN-East', NULL, 'G', '2', 6800.00, NULL, 'vacant', NULL, NULL, 'residential', 'North Cambridge', 'Harvard'),
(666, '5LO-East', NULL, 'G', '2', 6800.00, NULL, 'vacant', NULL, NULL, 'residential', 'North Cambridge', 'Harvard'),
(667, '5LP-East', NULL, 'G', '2', 6800.00, NULL, 'vacant', NULL, NULL, 'residential', 'North Cambridge', 'Harvard'),
(668, '5LQ-East', NULL, 'G', '2', 6800.00, NULL, 'vacant', NULL, NULL, 'residential', 'North Cambridge', 'Harvard'),
(669, '5LF-West', NULL, 'G', '2', 6800.00, NULL, 'vacant', NULL, NULL, 'residential', 'North Cambridge', 'Harvard'),
(670, '5LM-West', NULL, 'G', '2', 6800.00, NULL, 'vacant', NULL, NULL, 'residential', 'North Cambridge', 'Harvard'),
(671, '6LH-East', NULL, 'G', '2', 6800.00, NULL, 'vacant', NULL, NULL, 'residential', 'North Cambridge', 'Harvard'),
(672, '6LN-East', NULL, 'G', '2', 6800.00, NULL, 'vacant', NULL, NULL, 'residential', 'North Cambridge', 'Harvard'),
(673, '6LK-East', NULL, 'G', '2', 6800.00, NULL, 'vacant', NULL, NULL, 'residential', 'North Cambridge', 'Harvard'),
(674, '6LR-East', NULL, 'G', '2', 6800.00, NULL, 'vacant', NULL, NULL, 'residential', 'North Cambridge', 'Harvard'),
(675, '6LL-West', NULL, 'G', '2', 6800.00, NULL, 'vacant', NULL, NULL, 'residential', 'North Cambridge', 'Harvard'),
(676, '6LM-West', NULL, 'G', '2', 6800.00, NULL, 'vacant', NULL, NULL, 'residential', 'North Cambridge', 'Harvard'),
(677, '6LO-West', NULL, 'G', '2', 6800.00, NULL, 'vacant', NULL, NULL, 'residential', 'North Cambridge', 'Harvard'),
(678, '6LP-West', NULL, 'G', '2', 6800.00, NULL, 'vacant', NULL, NULL, 'residential', 'North Cambridge', 'Harvard'),
(679, '5LN-West', NULL, 'G', '2', 6800.00, NULL, 'vacant', NULL, NULL, 'residential', 'North Cambridge', 'Harvard'),
(680, '5LP-West', NULL, 'G', '2', 6800.00, NULL, 'vacant', NULL, NULL, 'residential', 'North Cambridge', 'Harvard'),
(681, '5LQ-West', NULL, 'G', '2', 6800.00, NULL, 'vacant', NULL, NULL, 'residential', 'North Cambridge', 'Harvard'),
(682, '5LR-West', NULL, 'G', '2', 6800.00, NULL, 'vacant', NULL, NULL, 'residential', 'North Cambridge', 'Harvard');

-- --------------------------------------------------------

--
-- Table structure for table `unit_owners`
--

DROP TABLE IF EXISTS `unit_owners`;
CREATE TABLE IF NOT EXISTS `unit_owners` (
  `unit_owner_id` bigint(20) UNSIGNED NOT NULL AUTO_INCREMENT,
  `date_invested` date DEFAULT NULL,
  `unit_owner` varchar(191) COLLATE utf8mb4_unicode_ci NOT NULL,
  `investor_email_address` varchar(191) COLLATE utf8mb4_unicode_ci DEFAULT NULL,
  `investor_contact_no` varchar(191) COLLATE utf8mb4_unicode_ci DEFAULT NULL,
  `investor_representative` varchar(191) COLLATE utf8mb4_unicode_ci DEFAULT NULL,
  `account_number` varchar(191) COLLATE utf8mb4_unicode_ci DEFAULT NULL,
  `bank_name` varchar(191) COLLATE utf8mb4_unicode_ci DEFAULT NULL,
  `investor_address` varchar(191) COLLATE utf8mb4_unicode_ci DEFAULT NULL,
  `contract_start` date DEFAULT NULL,
  `contract_end` date DEFAULT NULL,
  `investment_price` double(8,2) DEFAULT NULL,
  `investment_type` varchar(191) COLLATE utf8mb4_unicode_ci DEFAULT NULL,
  `discount` double(8,2) DEFAULT NULL,
  `account_name` varchar(191) COLLATE utf8mb4_unicode_ci DEFAULT NULL,
  PRIMARY KEY (`unit_owner_id`)
) ENGINE=MyISAM AUTO_INCREMENT=23 DEFAULT CHARSET=utf8mb4 COLLATE=utf8mb4_unicode_ci;

--
-- Dumping data for table `unit_owners`
--

INSERT INTO `unit_owners` (`unit_owner_id`, `date_invested`, `unit_owner`, `investor_email_address`, `investor_contact_no`, `investor_representative`, `account_number`, `bank_name`, `investor_address`, `contract_start`, `contract_end`, `investment_price`, `investment_type`, `discount`, `account_name`) VALUES
(2, NULL, 'NENITA PATAO', 'nethvpatao@yahoo.com', NULL, NULL, NULL, 'BDO', NULL, NULL, NULL, NULL, NULL, NULL, NULL),
(3, NULL, 'ROSEL SARMIENTO', 'rosel.g.sarmiento@gmail.com', NULL, NULL, '09174272592', 'BDO', 'PA 004C Wangal, La Trinidad, Benguet', '2018-09-08', '2020-09-08', NULL, NULL, NULL, NULL),
(4, NULL, 'JANE / ISAEL BASILIO', NULL, NULL, NULL, NULL, 'BDO', NULL, NULL, NULL, NULL, NULL, NULL, NULL),
(5, NULL, 'JESSIE AMANGYEN', 'verone_1817@yahoo.com', NULL, NULL, NULL, 'BPI FAMILY', NULL, '2016-06-22', NULL, NULL, NULL, NULL, NULL),
(6, NULL, 'MARIA FLORENCIA CAPULONG', 'capulongflor@yahoo.com', NULL, NULL, '0927-578-2937 (AR)', 'BDO', '04 Edna Street San Sebastian Village Tarlac City', '2018-10-22', '2019-10-22', NULL, NULL, NULL, NULL),
(7, NULL, 'Roldan E. Canubida', 'roldancanubida@gmail.com', NULL, NULL, '09483691273', 'METROBANK', '#25 Ardaga Street, Outlook Drive, Baguio City', '2019-08-03', NULL, NULL, NULL, NULL, NULL),
(8, NULL, 'DORIS AARAS', 'halvor.aaras@lifi.no', NULL, NULL, '+4790604904', 'BDO', 'Ejorasvingen 11 3427 Gullaug, Norway', '2019-02-26', '2020-02-26', NULL, NULL, NULL, NULL),
(10, NULL, 'Violeta O. King', 'evrolpindo@yahoo.com.ph', NULL, NULL, NULL, NULL, '28 Hillside, Block 2, Baguio city/220 N Pinewood LN Pensacola, Florida,', '2016-11-07', NULL, NULL, NULL, NULL, NULL),
(11, NULL, 'Min Jyong Suk', NULL, NULL, NULL, '0905-424-1008', NULL, NULL, '2016-01-05', NULL, NULL, NULL, NULL, NULL),
(12, NULL, 'KAREEN MELENDRE TILA', 'ayessa_2@yahoo.com', NULL, NULL, '(74) 422-3348', 'BDO', '#26 Lower West Amistad Rd. Camp 7 Baguio City', '2018-12-21', '2019-12-21', NULL, NULL, NULL, NULL),
(13, NULL, 'Manuel G. Ancheta', 'mcancheta@sbcglobal.net', NULL, NULL, '(408) 933-9374', 'BDO', '1247 Summer Blossom Ave San Jose California 95122', '2018-02-19', '2020-02-19', NULL, NULL, NULL, 'Manuel G. Ancheta'),
(14, NULL, 'WINALYN LUCENA L. ADAMS', 'winlnz630@yahoo.com', NULL, NULL, '0999-983-3780 / 00971505968751', 'BDO', '#179-A Lam-en Village, San Carlos Heights, Baguio City', '2019-04-03', '2020-04-03', NULL, NULL, NULL, 'Winalyn Lucena L. Adams'),
(15, NULL, 'Roldan E. Canubida', 'roldancanubida@gmail.com', NULL, NULL, '09483691273', 'METROBANK', '#25 Ardaga Street, Outlook Drive, Baguio City', '2019-08-03', NULL, NULL, NULL, NULL, 'Roldan E. Canubida'),
(16, NULL, 'Edna Libago', 'grace.ed2238@yahoo.com', NULL, NULL, '0945-794-7450/ 0965-720-9112', 'BDO', 'B-15 L 28 Villamar Subd. Iponan CDO 9000', '2018-09-19', '2019-09-19', NULL, NULL, NULL, 'Edna Libago'),
(17, NULL, 'Mary Grace Aquino', 'marygraceaquino@icloud.com', NULL, NULL, '0939-391-0617', 'BDO', '005 Zinnia Ext. Nilombat Mapandan Pangasinan', '2018-07-25', '2019-07-25', NULL, NULL, NULL, 'Mary Grace Aquino'),
(18, NULL, 'PERLITA MERTINEZ', 'dianapearl717@yahoo.com', NULL, NULL, '+16474489720', NULL, 'Villa Rosario La Union', '2018-02-13', NULL, NULL, NULL, NULL, 'Perlita Martinez'),
(19, NULL, 'Ronaldo Gapuz', 'ronald.gapuz@gmail.com', NULL, NULL, '966502576625', 'BDO', '117 Banaoang Sta. Barbara, Pangasinan', '2019-09-10', '2020-07-09', NULL, NULL, NULL, 'Ronaldo Gapuz'),
(20, NULL, 'JANET DAMOSLOG', NULL, NULL, NULL, '09102161769/09279572624', NULL, '47 Bk7 East quirino Hill', NULL, NULL, NULL, NULL, NULL, NULL),
(21, NULL, 'KRISTINE BARBARA V ALCANTARA', 'akristinebarbara@yahoo.com', NULL, NULL, '9457701696', 'METROBANK', 'Villanueva Apt. Sumulong St Baguio City/paniqui tarlac', '2020-02-21', NULL, NULL, NULL, NULL, 'kristine Barbara V. Alcantara'),
(22, NULL, 'Gerardo Antonio Carcamo', 'lynna.torayo2@yahoo.com', NULL, NULL, '0905288903/5218855/8087217185', 'BPI', NULL, '2017-12-27', NULL, NULL, NULL, NULL, 'lynna B.Torayno');

-- --------------------------------------------------------

--
-- Table structure for table `users`
--

DROP TABLE IF EXISTS `users`;
CREATE TABLE IF NOT EXISTS `users` (
  `id` bigint(20) UNSIGNED NOT NULL AUTO_INCREMENT,
  `name` varchar(191) COLLATE utf8mb4_unicode_ci NOT NULL,
  `email` varchar(191) COLLATE utf8mb4_unicode_ci NOT NULL,
  `email_verified_at` timestamp NULL DEFAULT NULL,
  `password` varchar(191) COLLATE utf8mb4_unicode_ci NOT NULL,
  `remember_token` varchar(100) COLLATE utf8mb4_unicode_ci DEFAULT NULL,
  `created_at` timestamp NULL DEFAULT NULL,
  `updated_at` timestamp NULL DEFAULT NULL,
  `status` varchar(191) COLLATE utf8mb4_unicode_ci NOT NULL DEFAULT 'unregistered',
  `property` varchar(191) COLLATE utf8mb4_unicode_ci DEFAULT NULL,
  `user_type` varchar(191) COLLATE utf8mb4_unicode_ci DEFAULT NULL,
  PRIMARY KEY (`id`),
  UNIQUE KEY `users_email_unique` (`email`)
) ENGINE=MyISAM AUTO_INCREMENT=10 DEFAULT CHARSET=utf8mb4 COLLATE=utf8mb4_unicode_ci;

--
-- Dumping data for table `users`
--

INSERT INTO `users` (`id`, `name`, `email`, `email_verified_at`, `password`, `remember_token`, `created_at`, `updated_at`, `status`, `property`, `user_type`) VALUES
(1, 'Landley Bernardo', 'marthaleasing@yahoo.com', NULL, '$2y$10$LaqlLcsj5Q.iZ2elDFidsO4MugUYA5IcigZgzh5HcMvCdDsrpK3ci', 'TYrKab4133c1iJYtpDQaOQJ4NeZh71BNXuocfr66Km1Y5QOd3TgNi7rZRSGI', '2020-03-25 21:30:10', '2020-03-25 21:30:10', 'registered', 'The Courtyards', 'admin'),
(8, 'Aldrin Magno', 'aldrinqm12@gmail.com', NULL, '$2y$10$ReVN1QBHLcZq1nSXRzieQ.FDIhwPZoQLAWDWBAoCEDhS3C6NsunsC', NULL, '2020-05-05 19:09:29', '2020-05-05 19:09:29', 'registered', 'The Courtyards', 'treasury'),
(9, 'Shane Gonzales', 'shanegonzales@gmail.com', NULL, '$2y$10$nkLu3X6/gU3SnTt0dWoqJ.T.d/7VlPutbDqHShjn7g0PtFGMlEbh.', NULL, '2020-05-05 22:27:15', '2020-05-05 22:27:15', 'registered', 'The Courtyards', 'billing');
COMMIT;

/*!40101 SET CHARACTER_SET_CLIENT=@OLD_CHARACTER_SET_CLIENT */;
/*!40101 SET CHARACTER_SET_RESULTS=@OLD_CHARACTER_SET_RESULTS */;
/*!40101 SET COLLATION_CONNECTION=@OLD_COLLATION_CONNECTION */;
